city,sample,altitude_m,city_type,city_type_3,city_type_6,try_dir,expert_mode,exclude_non_ground_targets,expert_id,expert_region,kind,total_pixels,b40,b41,b42,b43,b44,b45,b46,b47,b48,b49,b50,b51,b52,b53,b54,b55,b56,b57,b58,b59,b60,b61,b62,b63,b64,b65,b66,b67,b68,b69,b70,b71,b72,b73,b74,b75,b76,b77,b78,b79,b80,b81,b82,b83,b84,b85,b86,b87,b88,b89,b90,b91,b92,b93,b94,b95,b96,b97,b98,b99,b100,b101,b102,b103,b104,b105,b106,b107,b108,b109,b110,b111,b112,b113,b114,b115,b116,b117,b118,b119,b120,b121,b122,b123,b124,b125,b126,b127,b128,b129,b130,b131,b132,b133,b134,b135,b136,b137,b138,b139,b140,b141,b142,b143,b144,b145,b146,b147,b148,b149,b150,b151,b152,b153,b154,b155,b156,b157,b158,b159,b160,b161,b162,b163,b164,b165,b166,b167,b168,b169,b170,b171,b172,b173,b174,b175,b176,b177,b178,b179
Chiang Mai,sample_04436,60.050,mixed_midrise,mixed_midrise,mixed_compact_lowrise,TFGSeventyFourthTry74,3_experts,1,ground_truth,full,target_los,142221,0,0,0,0,0,0,0,0,0,0,0,0,0,0,0,0,0,0,0,0,0,0,0,0,0,0,0,0,0,0,0,0,0,0,0,0,0,1,14,19,75,518,670,1065,1414,1716,2331,2824,3681,5542,6393,8053,10098,11951,12713,11179,10733,9924,8271,6982,6282,5131,4520,4139,3315,1215,563,188,146,122,96,88,116,0,35,26,23,0,8,9,12,0,5,1,6,0,1,0,1,1,0,2,0,3,0,0,0,0,0,0,0,0,0,0,0,0,0,0,0,0,0,0,0,0,0,0,0,0,0,0,0,0,0,0,0,0,0,0,0,0,0,0,0,0,0,0,0,0,0,0
Chiang Mai,sample_04436,60.050,mixed_midrise,mixed_midrise,mixed_compact_lowrise,TFGSeventyFourthTry74,3_experts,1,ground_truth,full,target_nlos,0,0,0,0,0,0,0,0,0,0,0,0,0,0,0,0,0,0,0,0,0,0,0,0,0,0,0,0,0,0,0,0,0,0,0,0,0,0,0,0,0,0,0,0,0,0,0,0,0,0,0,0,0,0,0,0,0,0,0,0,0,0,0,0,0,0,0,0,0,0,0,0,0,0,0,0,0,0,0,0,0,0,0,0,0,0,0,0,0,0,0,0,0,0,0,0,0,0,0,0,0,0,0,0,0,0,0,0,0,0,0,0,0,0,0,0,0,0,0,0,0,0,0,0,0,0,0,0,0,0,0,0,0,0,0,0,0,0,0,0,0
Chiang Mai,sample_04436,60.050,mixed_midrise,mixed_midrise,mixed_compact_lowrise,TFGSeventyFourthTry74,3_experts,1,band4555_allcity_los,los_only,pred_los,142221,0,0,0,0,0,0,0,0,0,0,0,0,0,0,0,0,0,0,0,0,0,0,0,0,0,0,0,0,0,0,0,0,0,0,0,0,0,0,0,0,0,0,162,1029,1328,1641,1729,2475,3601,4069,4772,5599,9616,14055,14652,16030,21444,21665,11402,5011,1941,0,0,0,0,0,0,0,0,0,0,0,0,0,0,0,0,0,0,0,0,0,0,0,0,0,0,0,0,0,0,0,0,0,0,0,0,0,0,0,0,0,0,0,0,0,0,0,0,0,0,0,0,0,0,0,0,0,0,0,0,0,0,0,0,0,0,0,0,0,0,0,0,0,0,0,0,0,0,0
Chiang Mai,sample_04437,247.605,mixed_midrise,mixed_midrise,mixed_compact_lowrise,TFGSeventyFourthTry74,3_experts,1,ground_truth,full,target_los,185809,0,0,0,0,0,0,0,0,0,0,0,0,0,0,0,0,0,0,0,0,0,0,0,0,0,0,0,0,0,0,0,0,0,0,0,0,0,0,0,0,0,0,0,0,0,0,0,0,0,4,23,85,196,4575,13975,20379,23849,19271,16059,12921,12104,10672,7913,6491,5880,5320,5029,5211,5772,4905,3574,1093,247,0,65,41,47,0,19,22,17,0,6,8,11,0,4,3,6,3,2,0,2,2,1,0,0,1,0,0,0,0,0,0,0,0,0,0,0,1,0,0,0,0,0,0,0,0,0,0,0,0,0,0,0,0,0,0,0,0,0,0,0,0,0,0,0,0,0,0
Chiang Mai,sample_04437,247.605,mixed_midrise,mixed_midrise,mixed_compact_lowrise,TFGSeventyFourthTry74,3_experts,1,ground_truth,full,target_nlos,0,0,0,0,0,0,0,0,0,0,0,0,0,0,0,0,0,0,0,0,0,0,0,0,0,0,0,0,0,0,0,0,0,0,0,0,0,0,0,0,0,0,0,0,0,0,0,0,0,0,0,0,0,0,0,0,0,0,0,0,0,0,0,0,0,0,0,0,0,0,0,0,0,0,0,0,0,0,0,0,0,0,0,0,0,0,0,0,0,0,0,0,0,0,0,0,0,0,0,0,0,0,0,0,0,0,0,0,0,0,0,0,0,0,0,0,0,0,0,0,0,0,0,0,0,0,0,0,0,0,0,0,0,0,0,0,0,0,0,0,0
Chiang Mai,sample_04437,247.605,mixed_midrise,mixed_midrise,mixed_compact_lowrise,TFGSeventyFourthTry74,3_experts,1,band4555_allcity_los,los_only,pred_los,185809,0,0,0,0,0,0,0,0,0,0,0,0,0,0,0,0,0,0,0,0,0,0,0,0,0,0,0,0,0,0,0,0,0,0,0,0,0,0,0,0,0,0,152,963,1462,1817,2115,3301,4161,4765,6393,8440,12149,16258,17161,20946,27950,28331,17749,8387,3305,4,0,0,0,0,0,0,0,0,0,0,0,0,0,0,0,0,0,0,0,0,0,0,0,0,0,0,0,0,0,0,0,0,0,0,0,0,0,0,0,0,0,0,0,0,0,0,0,0,0,0,0,0,0,0,0,0,0,0,0,0,0,0,0,0,0,0,0,0,0,0,0,0,0,0,0,0,0,0
Chiang Mai,sample_04438,37.063,mixed_midrise,mixed_midrise,mixed_compact_lowrise,TFGSeventyFourthTry74,3_experts,1,ground_truth,full,target_los,116136,0,0,0,0,0,0,0,0,0,0,0,0,0,0,0,0,0,0,0,0,0,0,0,0,0,0,0,0,0,0,0,0,0,0,3,17,110,221,334,411,554,667,918,1033,1295,1532,1969,2515,2952,3790,5095,6441,8141,9418,10742,10092,9044,7899,7664,5902,4992,3979,2701,1944,1313,794,621,398,285,127,86,41,55,0,13,9,5,0,2,3,4,0,0,0,3,0,0,0,1,0,0,0,1,0,0,0,0,0,0,0,0,0,0,0,0,0,0,0,0,0,0,0,0,0,0,0,0,0,0,0,0,0,0,0,0,0,0,0,0,0,0,0,0,0,0,0,0,0,0,0
Chiang Mai,sample_04438,37.063,mixed_midrise,mixed_midrise,mixed_compact_lowrise,TFGSeventyFourthTry74,3_experts,1,ground_truth,full,target_nlos,0,0,0,0,0,0,0,0,0,0,0,0,0,0,0,0,0,0,0,0,0,0,0,0,0,0,0,0,0,0,0,0,0,0,0,0,0,0,0,0,0,0,0,0,0,0,0,0,0,0,0,0,0,0,0,0,0,0,0,0,0,0,0,0,0,0,0,0,0,0,0,0,0,0,0,0,0,0,0,0,0,0,0,0,0,0,0,0,0,0,0,0,0,0,0,0,0,0,0,0,0,0,0,0,0,0,0,0,0,0,0,0,0,0,0,0,0,0,0,0,0,0,0,0,0,0,0,0,0,0,0,0,0,0,0,0,0,0,0,0,0
Chiang Mai,sample_04438,37.063,mixed_midrise,mixed_midrise,mixed_compact_lowrise,TFGSeventyFourthTry74,3_experts,1,band4555_allcity_los,los_only,pred_los,116136,0,0,0,0,0,0,0,0,0,0,0,0,0,0,0,0,0,0,0,0,0,0,0,0,0,0,0,0,0,0,0,0,0,0,0,0,0,0,0,0,0,9,194,1040,1239,1464,1627,2013,3054,3464,4341,4848,7389,11054,11862,13130,16925,16991,9937,4186,1369,0,0,0,0,0,0,0,0,0,0,0,0,0,0,0,0,0,0,0,0,0,0,0,0,0,0,0,0,0,0,0,0,0,0,0,0,0,0,0,0,0,0,0,0,0,0,0,0,0,0,0,0,0,0,0,0,0,0,0,0,0,0,0,0,0,0,0,0,0,0,0,0,0,0,0,0,0,0,0
Chiang Mai,sample_04439,107.746,mixed_midrise,mixed_midrise,mixed_compact_lowrise,TFGSeventyFourthTry74,3_experts,1,ground_truth,full,target_los,163891,0,0,0,0,0,0,0,0,0,0,0,0,0,0,0,0,0,0,0,0,0,0,0,0,0,0,0,0,0,0,0,0,0,0,0,0,0,0,0,0,0,0,1,17,45,136,1335,2443,3334,4672,7680,9730,11601,13932,16136,13571,12748,10839,9328,8326,6900,6201,5329,4761,4679,4033,3160,1769,515,132,94,78,111,0,48,34,54,0,22,25,29,0,7,7,8,0,5,5,5,4,1,0,0,1,0,0,0,0,0,0,0,0,0,0,0,0,0,0,0,0,0,0,0,0,0,0,0,0,0,0,0,0,0,0,0,0,0,0,0,0,0,0,0,0,0,0,0,0,0,0
Chiang Mai,sample_04439,107.746,mixed_midrise,mixed_midrise,mixed_compact_lowrise,TFGSeventyFourthTry74,3_experts,1,ground_truth,full,target_nlos,0,0,0,0,0,0,0,0,0,0,0,0,0,0,0,0,0,0,0,0,0,0,0,0,0,0,0,0,0,0,0,0,0,0,0,0,0,0,0,0,0,0,0,0,0,0,0,0,0,0,0,0,0,0,0,0,0,0,0,0,0,0,0,0,0,0,0,0,0,0,0,0,0,0,0,0,0,0,0,0,0,0,0,0,0,0,0,0,0,0,0,0,0,0,0,0,0,0,0,0,0,0,0,0,0,0,0,0,0,0,0,0,0,0,0,0,0,0,0,0,0,0,0,0,0,0,0,0,0,0,0,0,0,0,0,0,0,0,0,0,0
Chiang Mai,sample_04439,107.746,mixed_midrise,mixed_midrise,mixed_compact_lowrise,TFGSeventyFourthTry74,3_experts,1,band4555_allcity_los,los_only,pred_los,163891,0,0,0,0,0,0,0,0,0,0,0,0,0,0,0,0,0,0,0,0,0,0,0,0,0,0,0,0,0,0,0,0,0,0,0,0,0,0,0,0,0,0,153,981,1422,1729,1930,3017,3970,4382,5372,7269,11533,15321,15454,18766,25456,24674,13569,6382,2507,4,0,0,0,0,0,0,0,0,0,0,0,0,0,0,0,0,0,0,0,0,0,0,0,0,0,0,0,0,0,0,0,0,0,0,0,0,0,0,0,0,0,0,0,0,0,0,0,0,0,0,0,0,0,0,0,0,0,0,0,0,0,0,0,0,0,0,0,0,0,0,0,0,0,0,0,0,0,0
Chiang Mai,sample_04440,149.380,mixed_midrise,mixed_midrise,mixed_compact_lowrise,TFGSeventyFourthTry74,3_experts,1,ground_truth,full,target_los,173643,0,0,0,0,0,0,0,0,0,0,0,0,0,0,0,0,0,0,0,0,0,0,0,0,0,0,0,0,0,0,0,0,0,0,0,0,0,0,0,0,0,0,0,0,0,5,19,89,332,2940,4973,8333,11786,14598,17444,17999,14086,13033,10616,9899,8319,6298,5688,5543,5109,4774,4345,3730,2317,722,138,89,133,0,45,49,67,0,28,13,32,0,8,9,9,0,4,4,0,4,3,1,3,2,1,1,1,0,0,0,0,0,2,0,0,0,0,0,0,0,0,0,0,0,0,0,0,0,0,0,0,0,0,0,0,0,0,0,0,0,0,0,0,0,0,0,0,0,0,0
Chiang Mai,sample_04440,149.380,mixed_midrise,mixed_midrise,mixed_compact_lowrise,TFGSeventyFourthTry74,3_experts,1,ground_truth,full,target_nlos,0,0,0,0,0,0,0,0,0,0,0,0,0,0,0,0,0,0,0,0,0,0,0,0,0,0,0,0,0,0,0,0,0,0,0,0,0,0,0,0,0,0,0,0,0,0,0,0,0,0,0,0,0,0,0,0,0,0,0,0,0,0,0,0,0,0,0,0,0,0,0,0,0,0,0,0,0,0,0,0,0,0,0,0,0,0,0,0,0,0,0,0,0,0,0,0,0,0,0,0,0,0,0,0,0,0,0,0,0,0,0,0,0,0,0,0,0,0,0,0,0,0,0,0,0,0,0,0,0,0,0,0,0,0,0,0,0,0,0,0,0
Chiang Mai,sample_04440,149.380,mixed_midrise,mixed_midrise,mixed_compact_lowrise,TFGSeventyFourthTry74,3_experts,1,band4555_allcity_los,los_only,pred_los,173643,0,0,0,0,0,0,0,0,0,0,0,0,0,0,0,0,0,0,0,0,0,0,0,0,0,0,0,0,0,0,0,0,0,0,0,0,0,0,0,0,0,0,151,977,1425,1789,1974,3212,4075,4520,5864,7865,11902,15672,16347,19768,26504,26044,15403,7218,2929,4,0,0,0,0,0,0,0,0,0,0,0,0,0,0,0,0,0,0,0,0,0,0,0,0,0,0,0,0,0,0,0,0,0,0,0,0,0,0,0,0,0,0,0,0,0,0,0,0,0,0,0,0,0,0,0,0,0,0,0,0,0,0,0,0,0,0,0,0,0,0,0,0,0,0,0,0,0,0
Chiang Mai,sample_04441,38.386,mixed_midrise,mixed_midrise,mixed_compact_midrise,TFGSeventyFourthTry74,3_experts,1,ground_truth,full,target_los,111038,0,0,0,0,0,0,0,0,0,0,0,0,0,0,0,0,0,0,0,0,0,0,0,0,0,0,0,0,0,0,0,0,0,0,0,28,111,231,364,571,865,1076,1332,1519,2001,2374,2736,3371,3505,4137,4631,5565,6703,7970,9088,9785,7887,7335,7136,4822,3960,3299,2671,2098,1572,878,444,366,163,109,102,69,75,0,22,15,21,0,3,7,6,0,4,3,6,0,0,1,0,0,1,0,0,0,0,0,0,0,0,0,0,0,0,0,0,0,0,0,0,0,0,0,0,0,0,0,0,0,0,0,0,0,0,0,0,0,0,0,0,0,0,0,0,0,0,0,0,0,0,0
Chiang Mai,sample_04441,38.386,mixed_midrise,mixed_midrise,mixed_compact_midrise,TFGSeventyFourthTry74,3_experts,1,ground_truth,full,target_nlos,0,0,0,0,0,0,0,0,0,0,0,0,0,0,0,0,0,0,0,0,0,0,0,0,0,0,0,0,0,0,0,0,0,0,0,0,0,0,0,0,0,0,0,0,0,0,0,0,0,0,0,0,0,0,0,0,0,0,0,0,0,0,0,0,0,0,0,0,0,0,0,0,0,0,0,0,0,0,0,0,0,0,0,0,0,0,0,0,0,0,0,0,0,0,0,0,0,0,0,0,0,0,0,0,0,0,0,0,0,0,0,0,0,0,0,0,0,0,0,0,0,0,0,0,0,0,0,0,0,0,0,0,0,0,0,0,0,0,0,0,0
Chiang Mai,sample_04441,38.386,mixed_midrise,mixed_midrise,mixed_compact_midrise,TFGSeventyFourthTry74,3_experts,1,band4555_allcity_los,los_only,pred_los,111038,0,0,0,0,0,0,0,0,0,0,0,0,0,0,0,0,0,0,0,0,0,0,0,0,0,0,0,0,0,0,0,0,0,0,0,0,0,0,0,0,0,18,195,1136,1901,2318,2818,3249,3886,4753,5443,5656,6282,8633,8984,10344,13889,16492,10894,3524,623,0,0,0,0,0,0,0,0,0,0,0,0,0,0,0,0,0,0,0,0,0,0,0,0,0,0,0,0,0,0,0,0,0,0,0,0,0,0,0,0,0,0,0,0,0,0,0,0,0,0,0,0,0,0,0,0,0,0,0,0,0,0,0,0,0,0,0,0,0,0,0,0,0,0,0,0,0,0,0
Chiang Mai,sample_04442,119.609,mixed_midrise,mixed_midrise,mixed_compact_midrise,TFGSeventyFourthTry74,3_experts,1,ground_truth,full,target_los,147163,0,0,0,0,0,0,0,0,0,0,0,0,0,0,0,0,0,0,0,0,0,0,0,0,0,0,0,0,0,0,0,0,0,0,0,0,0,0,0,0,0,0,0,2,3,47,362,2542,4331,5445,6363,7707,9292,11522,13934,13564,11662,9768,8566,7214,5925,5281,4866,4112,3611,3484,3237,2551,800,196,149,121,157,0,58,56,89,0,30,31,30,0,6,8,14,0,6,5,4,1,3,1,1,0,3,1,0,0,0,0,2,0,0,0,0,0,0,0,0,0,0,0,0,0,0,0,0,0,0,0,0,0,0,0,0,0,0,0,0,0,0,0,0,0,0,0,0,0,0,0
Chiang Mai,sample_04442,119.609,mixed_midrise,mixed_midrise,mixed_compact_midrise,TFGSeventyFourthTry74,3_experts,1,ground_truth,full,target_nlos,0,0,0,0,0,0,0,0,0,0,0,0,0,0,0,0,0,0,0,0,0,0,0,0,0,0,0,0,0,0,0,0,0,0,0,0,0,0,0,0,0,0,0,0,0,0,0,0,0,0,0,0,0,0,0,0,0,0,0,0,0,0,0,0,0,0,0,0,0,0,0,0,0,0,0,0,0,0,0,0,0,0,0,0,0,0,0,0,0,0,0,0,0,0,0,0,0,0,0,0,0,0,0,0,0,0,0,0,0,0,0,0,0,0,0,0,0,0,0,0,0,0,0,0,0,0,0,0,0,0,0,0,0,0,0,0,0,0,0,0,0
Chiang Mai,sample_04442,119.609,mixed_midrise,mixed_midrise,mixed_compact_midrise,TFGSeventyFourthTry74,3_experts,1,band4555_allcity_los,los_only,pred_los,147163,0,0,0,0,0,0,0,0,0,0,0,0,0,0,0,0,0,0,0,0,0,0,0,0,0,0,0,0,0,0,0,0,0,0,0,0,0,0,0,0,0,0,156,1048,1883,2437,3113,3735,4411,5256,6543,7823,8641,10180,10814,13697,19875,24182,17058,5022,1289,0,0,0,0,0,0,0,0,0,0,0,0,0,0,0,0,0,0,0,0,0,0,0,0,0,0,0,0,0,0,0,0,0,0,0,0,0,0,0,0,0,0,0,0,0,0,0,0,0,0,0,0,0,0,0,0,0,0,0,0,0,0,0,0,0,0,0,0,0,0,0,0,0,0,0,0,0,0,0
Chiang Mai,sample_04443,157.968,mixed_midrise,mixed_midrise,mixed_compact_midrise,TFGSeventyFourthTry74,3_experts,1,ground_truth,full,target_los,153772,0,0,0,0,0,0,0,0,0,0,0,0,0,0,0,0,0,0,0,0,0,0,0,0,0,0,0,0,0,0,0,0,0,0,0,0,0,0,0,0,0,0,0,0,0,6,13,59,316,2435,5922,7584,9033,11595,14658,16497,13915,11171,9627,8252,6572,5963,5136,4773,4630,4058,3619,3313,2797,978,179,124,187,0,63,57,79,0,26,29,40,0,12,12,17,0,5,2,4,1,1,1,5,2,0,0,3,0,1,0,0,0,0,0,0,0,0,0,0,0,0,0,0,0,0,0,0,0,0,0,0,0,0,0,0,0,0,0,0,0,0,0,0,0,0,0,0,0,0,0
Chiang Mai,sample_04443,157.968,mixed_midrise,mixed_midrise,mixed_compact_midrise,TFGSeventyFourthTry74,3_experts,1,ground_truth,full,target_nlos,0,0,0,0,0,0,0,0,0,0,0,0,0,0,0,0,0,0,0,0,0,0,0,0,0,0,0,0,0,0,0,0,0,0,0,0,0,0,0,0,0,0,0,0,0,0,0,0,0,0,0,0,0,0,0,0,0,0,0,0,0,0,0,0,0,0,0,0,0,0,0,0,0,0,0,0,0,0,0,0,0,0,0,0,0,0,0,0,0,0,0,0,0,0,0,0,0,0,0,0,0,0,0,0,0,0,0,0,0,0,0,0,0,0,0,0,0,0,0,0,0,0,0,0,0,0,0,0,0,0,0,0,0,0,0,0,0,0,0,0,0
Chiang Mai,sample_04443,157.968,mixed_midrise,mixed_midrise,mixed_compact_midrise,TFGSeventyFourthTry74,3_experts,1,band4555_allcity_los,los_only,pred_los,153772,0,0,0,0,0,0,0,0,0,0,0,0,0,0,0,0,0,0,0,0,0,0,0,0,0,0,0,0,0,0,0,0,0,0,0,0,0,0,0,0,0,0,145,1032,1901,2442,3132,3787,4442,5423,6797,7912,8693,10513,11204,14766,21746,25564,17650,5228,1395,0,0,0,0,0,0,0,0,0,0,0,0,0,0,0,0,0,0,0,0,0,0,0,0,0,0,0,0,0,0,0,0,0,0,0,0,0,0,0,0,0,0,0,0,0,0,0,0,0,0,0,0,0,0,0,0,0,0,0,0,0,0,0,0,0,0,0,0,0,0,0,0,0,0,0,0,0,0,0
Chiang Mai,sample_04444,292.544,mixed_midrise,mixed_midrise,mixed_compact_midrise,TFGSeventyFourthTry74,3_experts,1,ground_truth,full,target_los,166418,0,0,0,0,0,0,0,0,0,0,0,0,0,0,0,0,0,0,0,0,0,0,0,0,0,0,0,0,0,0,0,0,0,0,0,0,0,0,0,0,0,0,0,0,0,0,0,0,0,0,2,26,218,462,2592,13787,19807,23916,16954,12906,11900,10182,8066,6679,5633,5311,4607,4424,4664,5118,4747,3250,843,0,65,46,77,0,23,28,29,0,12,8,14,0,4,4,2,2,1,3,1,1,0,0,1,1,1,0,1,0,0,0,0,0,0,0,0,0,0,0,0,0,0,0,0,0,0,0,0,0,0,0,0,0,0,0,0,0,0,0,0,0,0,0,0,0,0,0
Chiang Mai,sample_04444,292.544,mixed_midrise,mixed_midrise,mixed_compact_midrise,TFGSeventyFourthTry74,3_experts,1,ground_truth,full,target_nlos,0,0,0,0,0,0,0,0,0,0,0,0,0,0,0,0,0,0,0,0,0,0,0,0,0,0,0,0,0,0,0,0,0,0,0,0,0,0,0,0,0,0,0,0,0,0,0,0,0,0,0,0,0,0,0,0,0,0,0,0,0,0,0,0,0,0,0,0,0,0,0,0,0,0,0,0,0,0,0,0,0,0,0,0,0,0,0,0,0,0,0,0,0,0,0,0,0,0,0,0,0,0,0,0,0,0,0,0,0,0,0,0,0,0,0,0,0,0,0,0,0,0,0,0,0,0,0,0,0,0,0,0,0,0,0,0,0,0,0,0,0
Chiang Mai,sample_04444,292.544,mixed_midrise,mixed_midrise,mixed_compact_midrise,TFGSeventyFourthTry74,3_experts,1,band4555_allcity_los,los_only,pred_los,166418,0,0,0,0,0,0,0,0,0,0,0,0,0,0,0,0,0,0,0,0,0,0,0,0,0,0,0,0,0,0,0,0,0,0,0,0,0,0,0,0,0,0,143,996,1897,2471,3153,3814,4514,5627,7149,8038,9232,11211,12554,17263,23904,27724,19309,5856,1562,1,0,0,0,0,0,0,0,0,0,0,0,0,0,0,0,0,0,0,0,0,0,0,0,0,0,0,0,0,0,0,0,0,0,0,0,0,0,0,0,0,0,0,0,0,0,0,0,0,0,0,0,0,0,0,0,0,0,0,0,0,0,0,0,0,0,0,0,0,0,0,0,0,0,0,0,0,0,0
Chiang Mai,sample_04445,275.710,mixed_midrise,mixed_midrise,mixed_compact_midrise,TFGSeventyFourthTry74,3_experts,1,ground_truth,full,target_los,165238,0,0,0,0,0,0,0,0,0,0,0,0,0,0,0,0,0,0,0,0,0,0,0,0,0,0,0,0,0,0,0,0,0,0,0,0,0,0,0,0,0,0,0,0,0,0,0,0,0,1,2,92,304,648,7603,14820,21832,21135,15306,12488,11197,9349,7664,6275,5443,4926,4722,4354,4758,5030,4136,2416,420,0,50,47,86,0,28,17,30,0,8,8,12,0,5,5,3,3,1,2,3,2,2,0,0,0,1,0,1,0,1,2,0,0,0,0,0,0,0,0,0,0,0,0,0,0,0,0,0,0,0,0,0,0,0,0,0,0,0,0,0,0,0,0,0,0,0,0
Chiang Mai,sample_04445,275.710,mixed_midrise,mixed_midrise,mixed_compact_midrise,TFGSeventyFourthTry74,3_experts,1,ground_truth,full,target_nlos,0,0,0,0,0,0,0,0,0,0,0,0,0,0,0,0,0,0,0,0,0,0,0,0,0,0,0,0,0,0,0,0,0,0,0,0,0,0,0,0,0,0,0,0,0,0,0,0,0,0,0,0,0,0,0,0,0,0,0,0,0,0,0,0,0,0,0,0,0,0,0,0,0,0,0,0,0,0,0,0,0,0,0,0,0,0,0,0,0,0,0,0,0,0,0,0,0,0,0,0,0,0,0,0,0,0,0,0,0,0,0,0,0,0,0,0,0,0,0,0,0,0,0,0,0,0,0,0,0,0,0,0,0,0,0,0,0,0,0,0,0
Chiang Mai,sample_04445,275.710,mixed_midrise,mixed_midrise,mixed_compact_midrise,TFGSeventyFourthTry74,3_experts,1,band4555_allcity_los,los_only,pred_los,165238,0,0,0,0,0,0,0,0,0,0,0,0,0,0,0,0,0,0,0,0,0,0,0,0,0,0,0,0,0,0,0,0,0,0,0,0,0,0,0,0,0,0,146,997,1903,2471,3152,3804,4506,5618,7131,8012,9167,11155,12452,17067,23760,27438,19176,5745,1537,1,0,0,0,0,0,0,0,0,0,0,0,0,0,0,0,0,0,0,0,0,0,0,0,0,0,0,0,0,0,0,0,0,0,0,0,0,0,0,0,0,0,0,0,0,0,0,0,0,0,0,0,0,0,0,0,0,0,0,0,0,0,0,0,0,0,0,0,0,0,0,0,0,0,0,0,0,0,0
Chiang Mai,sample_04446,24.806,mixed_midrise,mixed_midrise,dense_block_midrise,TFGSeventyFourthTry74,3_experts,1,ground_truth,full,target_los,10916,0,0,0,0,0,0,0,0,0,0,0,0,0,0,0,0,0,0,0,0,0,0,0,0,0,0,0,1,1,5,14,24,36,80,96,114,114,116,118,135,176,184,194,218,278,293,308,325,335,385,468,500,593,930,777,822,627,522,439,418,442,220,120,112,77,57,54,49,30,27,15,17,15,0,11,6,5,0,1,1,7,0,0,0,1,0,0,1,1,0,1,0,0,0,0,0,0,0,0,0,0,0,0,0,0,0,0,0,0,0,0,0,0,0,0,0,0,0,0,0,0,0,0,0,0,0,0,0,0,0,0,0,0,0,0,0,0,0,0,0
Chiang Mai,sample_04446,24.806,mixed_midrise,mixed_midrise,dense_block_midrise,TFGSeventyFourthTry74,3_experts,1,ground_truth,full,target_nlos,0,0,0,0,0,0,0,0,0,0,0,0,0,0,0,0,0,0,0,0,0,0,0,0,0,0,0,0,0,0,0,0,0,0,0,0,0,0,0,0,0,0,0,0,0,0,0,0,0,0,0,0,0,0,0,0,0,0,0,0,0,0,0,0,0,0,0,0,0,0,0,0,0,0,0,0,0,0,0,0,0,0,0,0,0,0,0,0,0,0,0,0,0,0,0,0,0,0,0,0,0,0,0,0,0,0,0,0,0,0,0,0,0,0,0,0,0,0,0,0,0,0,0,0,0,0,0,0,0,0,0,0,0,0,0,0,0,0,0,0,0
Chiang Mai,sample_04446,24.806,mixed_midrise,mixed_midrise,dense_block_midrise,TFGSeventyFourthTry74,3_experts,1,band4555_allcity_los,los_only,pred_los,10916,0,0,0,0,0,0,0,0,0,0,0,0,0,0,0,0,0,0,0,0,0,0,0,0,0,0,0,0,0,0,0,0,0,0,0,0,0,0,0,0,2,65,181,575,302,315,346,441,613,718,757,510,249,484,538,666,1772,1775,606,1,0,0,0,0,0,0,0,0,0,0,0,0,0,0,0,0,0,0,0,0,0,0,0,0,0,0,0,0,0,0,0,0,0,0,0,0,0,0,0,0,0,0,0,0,0,0,0,0,0,0,0,0,0,0,0,0,0,0,0,0,0,0,0,0,0,0,0,0,0,0,0,0,0,0,0,0,0,0,0,0
Chiang Mai,sample_04447,311.638,mixed_midrise,mixed_midrise,dense_block_midrise,TFGSeventyFourthTry74,3_experts,1,ground_truth,full,target_los,121934,0,0,0,0,0,0,0,0,0,0,0,0,0,0,0,0,0,0,0,0,0,0,0,0,0,0,0,0,0,0,0,0,0,0,0,0,0,0,0,0,0,0,0,0,0,0,0,0,0,0,0,9,94,392,1034,6769,13075,16132,13054,10365,10570,9418,7427,5286,4310,3829,3345,3073,2973,2972,3549,2399,1159,0,151,129,147,0,45,43,53,0,31,21,30,0,10,6,10,3,2,2,4,4,4,0,1,2,0,1,0,0,0,0,0,0,0,0,1,0,0,0,0,0,0,0,0,0,0,0,0,0,0,0,0,0,0,0,0,0,0,0,0,0,0,0,0,0,0,0
Chiang Mai,sample_04447,311.638,mixed_midrise,mixed_midrise,dense_block_midrise,TFGSeventyFourthTry74,3_experts,1,ground_truth,full,target_nlos,0,0,0,0,0,0,0,0,0,0,0,0,0,0,0,0,0,0,0,0,0,0,0,0,0,0,0,0,0,0,0,0,0,0,0,0,0,0,0,0,0,0,0,0,0,0,0,0,0,0,0,0,0,0,0,0,0,0,0,0,0,0,0,0,0,0,0,0,0,0,0,0,0,0,0,0,0,0,0,0,0,0,0,0,0,0,0,0,0,0,0,0,0,0,0,0,0,0,0,0,0,0,0,0,0,0,0,0,0,0,0,0,0,0,0,0,0,0,0,0,0,0,0,0,0,0,0,0,0,0,0,0,0,0,0,0,0,0,0,0,0
Chiang Mai,sample_04447,311.638,mixed_midrise,mixed_midrise,dense_block_midrise,TFGSeventyFourthTry74,3_experts,1,band4555_allcity_los,los_only,pred_los,121934,0,0,0,0,0,0,0,0,0,0,0,0,0,0,0,0,0,0,0,0,0,0,0,0,0,0,0,0,0,0,0,0,0,0,0,0,0,0,0,0,2,28,86,614,996,1661,2269,2945,4155,4441,5452,5329,6324,9000,9839,12769,19387,17414,13516,4815,891,1,0,0,0,0,0,0,0,0,0,0,0,0,0,0,0,0,0,0,0,0,0,0,0,0,0,0,0,0,0,0,0,0,0,0,0,0,0,0,0,0,0,0,0,0,0,0,0,0,0,0,0,0,0,0,0,0,0,0,0,0,0,0,0,0,0,0,0,0,0,0,0,0,0,0,0,0,0,0
Chiang Mai,sample_04448,85.318,mixed_midrise,mixed_midrise,dense_block_midrise,TFGSeventyFourthTry74,3_experts,1,ground_truth,full,target_los,65921,0,0,0,0,0,0,0,0,0,0,0,0,0,0,0,0,0,0,0,0,0,0,0,0,0,0,0,0,0,0,0,0,0,0,0,0,0,0,0,0,0,7,37,77,702,1274,1761,2128,2537,2919,3405,3739,4571,4967,5600,5395,4869,4224,4073,2887,2360,1852,1412,1194,963,847,663,337,225,169,145,99,188,0,73,45,76,0,23,24,24,0,6,4,7,0,2,2,3,2,0,2,1,0,0,1,0,0,0,0,0,0,0,0,0,0,0,0,0,0,0,0,0,0,0,0,0,0,0,0,0,0,0,0,0,0,0,0,0,0,0,0,0,0,0,0,0,0,0,0
Chiang Mai,sample_04448,85.318,mixed_midrise,mixed_midrise,dense_block_midrise,TFGSeventyFourthTry74,3_experts,1,ground_truth,full,target_nlos,0,0,0,0,0,0,0,0,0,0,0,0,0,0,0,0,0,0,0,0,0,0,0,0,0,0,0,0,0,0,0,0,0,0,0,0,0,0,0,0,0,0,0,0,0,0,0,0,0,0,0,0,0,0,0,0,0,0,0,0,0,0,0,0,0,0,0,0,0,0,0,0,0,0,0,0,0,0,0,0,0,0,0,0,0,0,0,0,0,0,0,0,0,0,0,0,0,0,0,0,0,0,0,0,0,0,0,0,0,0,0,0,0,0,0,0,0,0,0,0,0,0,0,0,0,0,0,0,0,0,0,0,0,0,0,0,0,0,0,0,0
Chiang Mai,sample_04448,85.318,mixed_midrise,mixed_midrise,dense_block_midrise,TFGSeventyFourthTry74,3_experts,1,band4555_allcity_los,los_only,pred_los,65921,0,0,0,0,0,0,0,0,0,0,0,0,0,0,0,0,0,0,0,0,0,0,0,0,0,0,0,0,0,0,0,0,0,0,0,0,0,0,0,0,0,16,111,724,858,1057,1716,2316,3632,3086,3807,3792,3419,5115,5340,5951,9516,8470,4512,2261,222,0,0,0,0,0,0,0,0,0,0,0,0,0,0,0,0,0,0,0,0,0,0,0,0,0,0,0,0,0,0,0,0,0,0,0,0,0,0,0,0,0,0,0,0,0,0,0,0,0,0,0,0,0,0,0,0,0,0,0,0,0,0,0,0,0,0,0,0,0,0,0,0,0,0,0,0,0,0,0
Chiang Mai,sample_04449,198.965,mixed_midrise,mixed_midrise,dense_block_midrise,TFGSeventyFourthTry74,3_experts,1,ground_truth,full,target_los,102485,0,0,0,0,0,0,0,0,0,0,0,0,0,0,0,0,0,0,0,0,0,0,0,0,0,0,0,0,0,0,0,0,0,0,0,0,0,0,0,0,0,0,0,0,0,0,1,4,30,121,466,2779,6198,7527,9284,10424,10215,9184,7667,6846,5875,4414,3735,3189,2911,2589,2472,2051,1617,1187,507,236,303,0,113,101,152,0,73,37,59,0,21,20,29,0,8,3,9,6,4,1,6,3,0,1,2,1,2,0,0,0,0,0,1,0,0,1,0,0,0,0,0,0,0,0,0,0,0,0,0,0,0,0,0,0,0,0,0,0,0,0,0,0,0,0,0,0,0,0
Chiang Mai,sample_04449,198.965,mixed_midrise,mixed_midrise,dense_block_midrise,TFGSeventyFourthTry74,3_experts,1,ground_truth,full,target_nlos,0,0,0,0,0,0,0,0,0,0,0,0,0,0,0,0,0,0,0,0,0,0,0,0,0,0,0,0,0,0,0,0,0,0,0,0,0,0,0,0,0,0,0,0,0,0,0,0,0,0,0,0,0,0,0,0,0,0,0,0,0,0,0,0,0,0,0,0,0,0,0,0,0,0,0,0,0,0,0,0,0,0,0,0,0,0,0,0,0,0,0,0,0,0,0,0,0,0,0,0,0,0,0,0,0,0,0,0,0,0,0,0,0,0,0,0,0,0,0,0,0,0,0,0,0,0,0,0,0,0,0,0,0,0,0,0,0,0,0,0,0
Chiang Mai,sample_04449,198.965,mixed_midrise,mixed_midrise,dense_block_midrise,TFGSeventyFourthTry74,3_experts,1,band4555_allcity_los,los_only,pred_los,102485,0,0,0,0,0,0,0,0,0,0,0,0,0,0,0,0,0,0,0,0,0,0,0,0,0,0,0,0,0,0,0,0,0,0,0,0,0,0,0,0,0,26,91,654,939,1535,2189,2842,4014,4113,5036,4858,5261,7886,8302,10884,16150,14259,9055,3909,482,0,0,0,0,0,0,0,0,0,0,0,0,0,0,0,0,0,0,0,0,0,0,0,0,0,0,0,0,0,0,0,0,0,0,0,0,0,0,0,0,0,0,0,0,0,0,0,0,0,0,0,0,0,0,0,0,0,0,0,0,0,0,0,0,0,0,0,0,0,0,0,0,0,0,0,0,0,0,0
Chiang Mai,sample_04450,62.864,mixed_midrise,mixed_midrise,dense_block_midrise,TFGSeventyFourthTry74,3_experts,1,ground_truth,full,target_los,51658,0,0,0,0,0,0,0,0,0,0,0,0,0,0,0,0,0,0,0,0,0,0,0,0,0,0,0,0,0,0,0,0,0,0,0,0,0,0,4,18,52,239,441,718,985,1320,1637,1878,2166,2307,2497,2910,3530,4047,3991,3856,3623,3265,2987,2334,1719,1222,994,817,621,426,284,189,132,115,91,75,59,0,22,18,28,0,8,5,9,0,4,5,4,0,0,1,2,1,0,0,1,0,0,1,0,0,0,0,0,0,0,0,0,0,0,0,0,0,0,0,0,0,0,0,0,0,0,0,0,0,0,0,0,0,0,0,0,0,0,0,0,0,0,0,0,0,0,0
Chiang Mai,sample_04450,62.864,mixed_midrise,mixed_midrise,dense_block_midrise,TFGSeventyFourthTry74,3_experts,1,ground_truth,full,target_nlos,0,0,0,0,0,0,0,0,0,0,0,0,0,0,0,0,0,0,0,0,0,0,0,0,0,0,0,0,0,0,0,0,0,0,0,0,0,0,0,0,0,0,0,0,0,0,0,0,0,0,0,0,0,0,0,0,0,0,0,0,0,0,0,0,0,0,0,0,0,0,0,0,0,0,0,0,0,0,0,0,0,0,0,0,0,0,0,0,0,0,0,0,0,0,0,0,0,0,0,0,0,0,0,0,0,0,0,0,0,0,0,0,0,0,0,0,0,0,0,0,0,0,0,0,0,0,0,0,0,0,0,0,0,0,0,0,0,0,0,0,0
Chiang Mai,sample_04450,62.864,mixed_midrise,mixed_midrise,dense_block_midrise,TFGSeventyFourthTry74,3_experts,1,band4555_allcity_los,los_only,pred_los,51658,0,0,0,0,0,0,0,0,0,0,0,0,0,0,0,0,0,0,0,0,0,0,0,0,0,0,0,0,0,0,0,0,0,0,0,0,0,0,0,0,0,16,119,760,820,976,1243,1717,3296,2770,3078,3044,2991,3943,4000,4598,6862,6714,2544,1949,218,0,0,0,0,0,0,0,0,0,0,0,0,0,0,0,0,0,0,0,0,0,0,0,0,0,0,0,0,0,0,0,0,0,0,0,0,0,0,0,0,0,0,0,0,0,0,0,0,0,0,0,0,0,0,0,0,0,0,0,0,0,0,0,0,0,0,0,0,0,0,0,0,0,0,0,0,0,0,0
Chiang Mai,sample_04451,116.500,open_lowrise,open_lowrise,mixed_compact_midrise,TFGSeventyFourthTry74,3_experts,1,ground_truth,full,target_los,153307,0,0,0,0,0,0,0,0,0,0,0,0,0,0,0,0,0,0,0,0,0,0,0,0,0,0,0,0,0,0,0,0,0,0,0,0,0,0,0,0,0,0,0,0,0,0,0,152,1399,3398,5369,7845,9551,11704,14545,14809,13225,11292,10338,8667,7242,6132,5202,4802,4485,4024,3957,3029,1179,211,155,119,174,0,58,45,75,0,23,14,30,0,22,11,7,0,3,3,3,1,3,0,1,1,1,0,0,1,0,0,0,0,0,0,0,0,0,0,0,0,0,0,0,0,0,0,0,0,0,0,0,0,0,0,0,0,0,0,0,0,0,0,0,0,0,0,0,0,0,0
Chiang Mai,sample_04451,116.500,open_lowrise,open_lowrise,mixed_compact_midrise,TFGSeventyFourthTry74,3_experts,1,ground_truth,full,target_nlos,0,0,0,0,0,0,0,0,0,0,0,0,0,0,0,0,0,0,0,0,0,0,0,0,0,0,0,0,0,0,0,0,0,0,0,0,0,0,0,0,0,0,0,0,0,0,0,0,0,0,0,0,0,0,0,0,0,0,0,0,0,0,0,0,0,0,0,0,0,0,0,0,0,0,0,0,0,0,0,0,0,0,0,0,0,0,0,0,0,0,0,0,0,0,0,0,0,0,0,0,0,0,0,0,0,0,0,0,0,0,0,0,0,0,0,0,0,0,0,0,0,0,0,0,0,0,0,0,0,0,0,0,0,0,0,0,0,0,0,0,0
Chiang Mai,sample_04451,116.500,open_lowrise,open_lowrise,mixed_compact_midrise,TFGSeventyFourthTry74,3_experts,1,band4555_allcity_los,los_only,pred_los,153307,0,0,0,0,0,0,0,0,0,0,0,0,0,0,0,0,0,0,0,0,0,0,0,0,0,0,0,0,0,0,0,0,0,0,0,0,0,0,0,0,0,0,0,0,0,0,269,929,1902,3674,5323,6772,8610,12269,13657,16733,22067,25718,20929,11382,3073,0,0,0,0,0,0,0,0,0,0,0,0,0,0,0,0,0,0,0,0,0,0,0,0,0,0,0,0,0,0,0,0,0,0,0,0,0,0,0,0,0,0,0,0,0,0,0,0,0,0,0,0,0,0,0,0,0,0,0,0,0,0,0,0,0,0,0,0,0,0,0,0,0,0,0,0,0,0,0
Chiang Mai,sample_04452,126.952,open_lowrise,open_lowrise,mixed_compact_midrise,TFGSeventyFourthTry74,3_experts,1,ground_truth,full,target_los,155946,0,0,0,0,0,0,0,0,0,0,0,0,0,0,0,0,0,0,0,0,0,0,0,0,0,0,0,0,0,0,0,0,0,0,0,0,0,0,0,0,0,0,0,0,0,0,0,0,616,2726,5129,7396,9568,11893,14718,15629,14170,11552,10292,8944,7555,6166,5374,4852,4580,4367,3994,3468,1809,328,170,138,168,0,62,45,75,0,27,17,35,0,19,12,13,0,6,11,1,3,6,1,3,1,2,0,1,0,2,0,0,1,0,0,0,0,0,1,0,0,0,0,0,0,0,0,0,0,0,0,0,0,0,0,0,0,0,0,0,0,0,0,0,0,0,0,0,0,0,0
Chiang Mai,sample_04452,126.952,open_lowrise,open_lowrise,mixed_compact_midrise,TFGSeventyFourthTry74,3_experts,1,ground_truth,full,target_nlos,0,0,0,0,0,0,0,0,0,0,0,0,0,0,0,0,0,0,0,0,0,0,0,0,0,0,0,0,0,0,0,0,0,0,0,0,0,0,0,0,0,0,0,0,0,0,0,0,0,0,0,0,0,0,0,0,0,0,0,0,0,0,0,0,0,0,0,0,0,0,0,0,0,0,0,0,0,0,0,0,0,0,0,0,0,0,0,0,0,0,0,0,0,0,0,0,0,0,0,0,0,0,0,0,0,0,0,0,0,0,0,0,0,0,0,0,0,0,0,0,0,0,0,0,0,0,0,0,0,0,0,0,0,0,0,0,0,0,0,0,0
Chiang Mai,sample_04452,126.952,open_lowrise,open_lowrise,mixed_compact_midrise,TFGSeventyFourthTry74,3_experts,1,band4555_allcity_los,los_only,pred_los,155946,0,0,0,0,0,0,0,0,0,0,0,0,0,0,0,0,0,0,0,0,0,0,0,0,0,0,0,0,0,0,0,0,0,0,0,0,0,0,0,0,0,0,0,0,0,0,309,954,2023,3742,5377,6788,8660,12345,13763,16948,22667,26278,21311,11585,3196,0,0,0,0,0,0,0,0,0,0,0,0,0,0,0,0,0,0,0,0,0,0,0,0,0,0,0,0,0,0,0,0,0,0,0,0,0,0,0,0,0,0,0,0,0,0,0,0,0,0,0,0,0,0,0,0,0,0,0,0,0,0,0,0,0,0,0,0,0,0,0,0,0,0,0,0,0,0,0
Chiang Mai,sample_04453,61.864,open_lowrise,open_lowrise,mixed_compact_midrise,TFGSeventyFourthTry74,3_experts,1,ground_truth,full,target_los,125258,0,0,0,0,0,0,0,0,0,0,0,0,0,0,0,0,0,0,0,0,0,0,0,0,0,0,0,0,0,0,0,0,0,0,0,0,0,0,0,0,0,0,0,0,53,348,842,1731,2999,4409,5790,6770,8290,9881,11112,11125,9621,9441,7700,8637,6661,4858,4302,3829,3177,1810,620,373,206,164,133,87,135,0,40,36,45,0,7,3,13,0,0,3,3,0,2,0,0,0,0,1,0,1,0,0,0,0,0,0,0,0,0,0,0,0,0,0,0,0,0,0,0,0,0,0,0,0,0,0,0,0,0,0,0,0,0,0,0,0,0,0,0,0,0,0,0,0,0,0
Chiang Mai,sample_04453,61.864,open_lowrise,open_lowrise,mixed_compact_midrise,TFGSeventyFourthTry74,3_experts,1,ground_truth,full,target_nlos,0,0,0,0,0,0,0,0,0,0,0,0,0,0,0,0,0,0,0,0,0,0,0,0,0,0,0,0,0,0,0,0,0,0,0,0,0,0,0,0,0,0,0,0,0,0,0,0,0,0,0,0,0,0,0,0,0,0,0,0,0,0,0,0,0,0,0,0,0,0,0,0,0,0,0,0,0,0,0,0,0,0,0,0,0,0,0,0,0,0,0,0,0,0,0,0,0,0,0,0,0,0,0,0,0,0,0,0,0,0,0,0,0,0,0,0,0,0,0,0,0,0,0,0,0,0,0,0,0,0,0,0,0,0,0,0,0,0,0,0,0
Chiang Mai,sample_04453,61.864,open_lowrise,open_lowrise,mixed_compact_midrise,TFGSeventyFourthTry74,3_experts,1,band4555_allcity_los,los_only,pred_los,125258,0,0,0,0,0,0,0,0,0,0,0,0,0,0,0,0,0,0,0,0,0,0,0,0,0,0,0,0,0,0,0,0,0,0,0,0,0,0,0,0,0,0,0,0,0,0,0,354,1199,2144,4468,6169,8070,11364,12796,14919,18937,20169,13683,9059,1927,0,0,0,0,0,0,0,0,0,0,0,0,0,0,0,0,0,0,0,0,0,0,0,0,0,0,0,0,0,0,0,0,0,0,0,0,0,0,0,0,0,0,0,0,0,0,0,0,0,0,0,0,0,0,0,0,0,0,0,0,0,0,0,0,0,0,0,0,0,0,0,0,0,0,0,0,0,0,0
Chiang Mai,sample_04454,233.185,open_lowrise,open_lowrise,mixed_compact_midrise,TFGSeventyFourthTry74,3_experts,1,ground_truth,full,target_los,169486,0,0,0,0,0,0,0,0,0,0,0,0,0,0,0,0,0,0,0,0,0,0,0,0,0,0,0,0,0,0,0,0,0,0,0,0,0,0,0,0,0,0,0,0,0,0,0,0,0,0,0,10,100,5633,12436,17495,21813,19075,13947,11782,10309,9077,7195,6145,5405,4870,4830,4908,5167,4580,3148,1115,122,0,58,53,61,0,29,23,24,0,22,7,21,0,3,3,2,4,4,2,2,1,1,0,1,2,1,0,0,0,0,0,0,0,0,0,0,0,0,0,0,0,0,0,0,0,0,0,0,0,0,0,0,0,0,0,0,0,0,0,0,0,0,0,0,0,0,0
Chiang Mai,sample_04454,233.185,open_lowrise,open_lowrise,mixed_compact_midrise,TFGSeventyFourthTry74,3_experts,1,ground_truth,full,target_nlos,0,0,0,0,0,0,0,0,0,0,0,0,0,0,0,0,0,0,0,0,0,0,0,0,0,0,0,0,0,0,0,0,0,0,0,0,0,0,0,0,0,0,0,0,0,0,0,0,0,0,0,0,0,0,0,0,0,0,0,0,0,0,0,0,0,0,0,0,0,0,0,0,0,0,0,0,0,0,0,0,0,0,0,0,0,0,0,0,0,0,0,0,0,0,0,0,0,0,0,0,0,0,0,0,0,0,0,0,0,0,0,0,0,0,0,0,0,0,0,0,0,0,0,0,0,0,0,0,0,0,0,0,0,0,0,0,0,0,0,0,0
Chiang Mai,sample_04454,233.185,open_lowrise,open_lowrise,mixed_compact_midrise,TFGSeventyFourthTry74,3_experts,1,band4555_allcity_los,los_only,pred_los,169486,0,0,0,0,0,0,0,0,0,0,0,0,0,0,0,0,0,0,0,0,0,0,0,0,0,0,0,0,0,0,0,0,0,0,0,0,0,0,0,0,0,0,0,0,0,5,518,1107,2508,3995,5575,6944,9022,12917,14456,18353,25775,28634,23271,13056,3350,0,0,0,0,0,0,0,0,0,0,0,0,0,0,0,0,0,0,0,0,0,0,0,0,0,0,0,0,0,0,0,0,0,0,0,0,0,0,0,0,0,0,0,0,0,0,0,0,0,0,0,0,0,0,0,0,0,0,0,0,0,0,0,0,0,0,0,0,0,0,0,0,0,0,0,0,0,0,0
Chiang Mai,sample_04455,45.145,open_lowrise,open_lowrise,mixed_compact_midrise,TFGSeventyFourthTry74,3_experts,1,ground_truth,full,target_los,103415,0,0,0,0,0,0,0,0,0,0,0,0,0,0,0,0,0,0,0,0,0,0,0,0,0,0,0,0,0,0,0,0,0,0,0,0,0,0,0,0,0,0,0,0,7,195,555,1030,2127,3415,4674,6325,7337,8680,9826,9990,8436,7902,7096,6391,5363,4185,3450,2619,1690,861,481,236,156,107,84,45,65,0,22,24,16,0,5,7,6,0,1,3,2,0,0,1,0,0,0,0,0,0,0,0,0,0,0,0,0,0,0,0,0,0,0,0,0,0,0,0,0,0,0,0,0,0,0,0,0,0,0,0,0,0,0,0,0,0,0,0,0,0,0,0,0,0,0,0
Chiang Mai,sample_04455,45.145,open_lowrise,open_lowrise,mixed_compact_midrise,TFGSeventyFourthTry74,3_experts,1,ground_truth,full,target_nlos,0,0,0,0,0,0,0,0,0,0,0,0,0,0,0,0,0,0,0,0,0,0,0,0,0,0,0,0,0,0,0,0,0,0,0,0,0,0,0,0,0,0,0,0,0,0,0,0,0,0,0,0,0,0,0,0,0,0,0,0,0,0,0,0,0,0,0,0,0,0,0,0,0,0,0,0,0,0,0,0,0,0,0,0,0,0,0,0,0,0,0,0,0,0,0,0,0,0,0,0,0,0,0,0,0,0,0,0,0,0,0,0,0,0,0,0,0,0,0,0,0,0,0,0,0,0,0,0,0,0,0,0,0,0,0,0,0,0,0,0,0
Chiang Mai,sample_04455,45.145,open_lowrise,open_lowrise,mixed_compact_midrise,TFGSeventyFourthTry74,3_experts,1,band4555_allcity_los,los_only,pred_los,103415,0,0,0,0,0,0,0,0,0,0,0,0,0,0,0,0,0,0,0,0,0,0,0,0,0,0,0,0,0,0,0,0,0,0,0,0,0,0,0,0,0,0,0,0,0,0,1,0,356,1375,2451,4603,7237,10524,11882,13688,16942,18035,11323,4516,482,0,0,0,0,0,0,0,0,0,0,0,0,0,0,0,0,0,0,0,0,0,0,0,0,0,0,0,0,0,0,0,0,0,0,0,0,0,0,0,0,0,0,0,0,0,0,0,0,0,0,0,0,0,0,0,0,0,0,0,0,0,0,0,0,0,0,0,0,0,0,0,0,0,0,0,0,0,0,0
Chiang Mai,sample_04456,243.347,mixed_midrise,mixed_midrise,mixed_compact_midrise,TFGSeventyFourthTry74,3_experts,1,ground_truth,full,target_los,150309,0,0,0,0,0,0,0,0,0,0,0,0,0,0,0,0,0,0,0,0,0,0,0,0,0,0,0,0,0,0,0,0,0,0,0,0,0,0,0,0,0,0,0,0,0,0,0,0,0,8,44,186,521,6540,12082,17624,18356,14263,12235,10647,9663,8292,6448,4949,4590,4341,4035,4228,4116,3627,2102,668,260,0,83,84,112,0,37,36,50,0,19,15,24,0,11,3,3,1,2,0,1,0,0,0,0,1,0,1,1,0,0,0,0,0,0,0,0,0,0,0,0,0,0,0,0,0,0,0,0,0,0,0,0,0,0,0,0,0,0,0,0,0,0,0,0,0,0,0
Chiang Mai,sample_04456,243.347,mixed_midrise,mixed_midrise,mixed_compact_midrise,TFGSeventyFourthTry74,3_experts,1,ground_truth,full,target_nlos,0,0,0,0,0,0,0,0,0,0,0,0,0,0,0,0,0,0,0,0,0,0,0,0,0,0,0,0,0,0,0,0,0,0,0,0,0,0,0,0,0,0,0,0,0,0,0,0,0,0,0,0,0,0,0,0,0,0,0,0,0,0,0,0,0,0,0,0,0,0,0,0,0,0,0,0,0,0,0,0,0,0,0,0,0,0,0,0,0,0,0,0,0,0,0,0,0,0,0,0,0,0,0,0,0,0,0,0,0,0,0,0,0,0,0,0,0,0,0,0,0,0,0,0,0,0,0,0,0,0,0,0,0,0,0,0,0,0,0,0,0
Chiang Mai,sample_04456,243.347,mixed_midrise,mixed_midrise,mixed_compact_midrise,TFGSeventyFourthTry74,3_experts,1,band4555_allcity_los,los_only,pred_los,150309,0,0,0,0,0,0,0,0,0,0,0,0,0,0,0,0,0,0,0,0,0,0,0,0,0,0,0,0,0,0,0,0,0,0,0,0,0,0,0,0,0,0,145,997,2355,2816,3101,3442,3838,3617,4405,7268,8932,11967,15363,18936,22646,21381,10000,6460,2638,2,0,0,0,0,0,0,0,0,0,0,0,0,0,0,0,0,0,0,0,0,0,0,0,0,0,0,0,0,0,0,0,0,0,0,0,0,0,0,0,0,0,0,0,0,0,0,0,0,0,0,0,0,0,0,0,0,0,0,0,0,0,0,0,0,0,0,0,0,0,0,0,0,0,0,0,0,0,0
Chiang Mai,sample_04457,43.830,mixed_midrise,mixed_midrise,mixed_compact_midrise,TFGSeventyFourthTry74,3_experts,1,ground_truth,full,target_los,77285,0,0,0,0,0,0,0,0,0,0,0,0,0,0,0,0,0,0,0,0,0,0,0,0,0,0,0,0,0,0,0,0,0,0,0,0,1,28,279,620,957,1231,1452,1730,1800,1903,1977,2153,2274,2505,3227,4238,5230,6044,6655,6320,5414,4714,4357,3141,2386,1999,1452,1097,621,405,303,215,154,102,86,49,72,0,30,9,19,0,8,10,5,0,0,1,3,0,3,0,3,1,0,0,1,0,0,0,1,0,0,0,0,0,0,0,0,0,0,0,0,0,0,0,0,0,0,0,0,0,0,0,0,0,0,0,0,0,0,0,0,0,0,0,0,0,0,0,0,0,0,0
Chiang Mai,sample_04457,43.830,mixed_midrise,mixed_midrise,mixed_compact_midrise,TFGSeventyFourthTry74,3_experts,1,ground_truth,full,target_nlos,0,0,0,0,0,0,0,0,0,0,0,0,0,0,0,0,0,0,0,0,0,0,0,0,0,0,0,0,0,0,0,0,0,0,0,0,0,0,0,0,0,0,0,0,0,0,0,0,0,0,0,0,0,0,0,0,0,0,0,0,0,0,0,0,0,0,0,0,0,0,0,0,0,0,0,0,0,0,0,0,0,0,0,0,0,0,0,0,0,0,0,0,0,0,0,0,0,0,0,0,0,0,0,0,0,0,0,0,0,0,0,0,0,0,0,0,0,0,0,0,0,0,0,0,0,0,0,0,0,0,0,0,0,0,0,0,0,0,0,0,0
Chiang Mai,sample_04457,43.830,mixed_midrise,mixed_midrise,mixed_compact_midrise,TFGSeventyFourthTry74,3_experts,1,band4555_allcity_los,los_only,pred_los,77285,0,0,0,0,0,0,0,0,0,0,0,0,0,0,0,0,0,0,0,0,0,0,0,0,0,0,0,0,0,0,0,0,0,0,0,0,0,0,0,0,0,18,197,1199,2385,2786,3079,3356,3643,2730,2455,3211,3421,4908,6951,9936,12184,10992,3718,116,0,0,0,0,0,0,0,0,0,0,0,0,0,0,0,0,0,0,0,0,0,0,0,0,0,0,0,0,0,0,0,0,0,0,0,0,0,0,0,0,0,0,0,0,0,0,0,0,0,0,0,0,0,0,0,0,0,0,0,0,0,0,0,0,0,0,0,0,0,0,0,0,0,0,0,0,0,0,0,0
Chiang Mai,sample_04458,78.436,mixed_midrise,mixed_midrise,mixed_compact_midrise,TFGSeventyFourthTry74,3_experts,1,ground_truth,full,target_los,105698,0,0,0,0,0,0,0,0,0,0,0,0,0,0,0,0,0,0,0,0,0,0,0,0,0,0,0,0,0,0,0,0,0,0,0,0,0,0,0,0,0,6,59,892,1865,2332,2510,2639,2904,3815,5358,6913,8336,9255,9855,8223,7026,6297,5809,4277,3628,3100,2655,2446,2033,1516,519,331,236,195,129,106,164,0,70,41,69,0,12,9,21,0,12,4,14,0,9,2,1,0,1,0,0,0,1,0,0,0,0,0,0,1,0,1,0,0,1,0,0,0,0,0,0,0,0,0,0,0,0,0,0,0,0,0,0,0,0,0,0,0,0,0,0,0,0,0,0,0,0,0
Chiang Mai,sample_04458,78.436,mixed_midrise,mixed_midrise,mixed_compact_midrise,TFGSeventyFourthTry74,3_experts,1,ground_truth,full,target_nlos,0,0,0,0,0,0,0,0,0,0,0,0,0,0,0,0,0,0,0,0,0,0,0,0,0,0,0,0,0,0,0,0,0,0,0,0,0,0,0,0,0,0,0,0,0,0,0,0,0,0,0,0,0,0,0,0,0,0,0,0,0,0,0,0,0,0,0,0,0,0,0,0,0,0,0,0,0,0,0,0,0,0,0,0,0,0,0,0,0,0,0,0,0,0,0,0,0,0,0,0,0,0,0,0,0,0,0,0,0,0,0,0,0,0,0,0,0,0,0,0,0,0,0,0,0,0,0,0,0,0,0,0,0,0,0,0,0,0,0,0,0
Chiang Mai,sample_04458,78.436,mixed_midrise,mixed_midrise,mixed_compact_midrise,TFGSeventyFourthTry74,3_experts,1,band4555_allcity_los,los_only,pred_los,105698,0,0,0,0,0,0,0,0,0,0,0,0,0,0,0,0,0,0,0,0,0,0,0,0,0,0,0,0,0,0,0,0,0,0,0,0,0,0,0,0,0,0,177,1128,2369,2802,3096,3409,3675,2939,3032,4695,6161,9312,12016,13367,17019,15219,5065,209,8,0,0,0,0,0,0,0,0,0,0,0,0,0,0,0,0,0,0,0,0,0,0,0,0,0,0,0,0,0,0,0,0,0,0,0,0,0,0,0,0,0,0,0,0,0,0,0,0,0,0,0,0,0,0,0,0,0,0,0,0,0,0,0,0,0,0,0,0,0,0,0,0,0,0,0,0,0,0,0
Chiang Mai,sample_04459,44.082,mixed_midrise,mixed_midrise,mixed_compact_midrise,TFGSeventyFourthTry74,3_experts,1,ground_truth,full,target_los,77712,0,0,0,0,0,0,0,0,0,0,0,0,0,0,0,0,0,0,0,0,0,0,0,0,0,0,0,0,0,0,0,0,0,0,0,0,1,19,269,604,908,1254,1509,1671,1825,1909,2016,2047,2247,2560,3208,4318,5303,6152,6765,6285,5521,4722,4431,3091,2336,2021,1427,1126,636,396,285,252,153,121,82,63,74,0,25,16,24,0,5,6,12,0,4,2,3,0,1,2,1,1,0,1,0,0,0,0,0,0,1,0,0,1,0,0,0,0,0,0,0,0,0,0,0,0,0,0,0,0,0,0,0,0,0,0,0,0,0,0,0,0,0,0,0,0,0,0,0,0,0,0
Chiang Mai,sample_04459,44.082,mixed_midrise,mixed_midrise,mixed_compact_midrise,TFGSeventyFourthTry74,3_experts,1,ground_truth,full,target_nlos,0,0,0,0,0,0,0,0,0,0,0,0,0,0,0,0,0,0,0,0,0,0,0,0,0,0,0,0,0,0,0,0,0,0,0,0,0,0,0,0,0,0,0,0,0,0,0,0,0,0,0,0,0,0,0,0,0,0,0,0,0,0,0,0,0,0,0,0,0,0,0,0,0,0,0,0,0,0,0,0,0,0,0,0,0,0,0,0,0,0,0,0,0,0,0,0,0,0,0,0,0,0,0,0,0,0,0,0,0,0,0,0,0,0,0,0,0,0,0,0,0,0,0,0,0,0,0,0,0,0,0,0,0,0,0,0,0,0,0,0,0
Chiang Mai,sample_04459,44.082,mixed_midrise,mixed_midrise,mixed_compact_midrise,TFGSeventyFourthTry74,3_experts,1,band4555_allcity_los,los_only,pred_los,77712,0,0,0,0,0,0,0,0,0,0,0,0,0,0,0,0,0,0,0,0,0,0,0,0,0,0,0,0,0,0,0,0,0,0,0,0,0,0,0,0,0,18,195,1196,2384,2790,3079,3357,3656,2728,2459,3223,3430,4926,7105,9974,12264,11074,3736,118,0,0,0,0,0,0,0,0,0,0,0,0,0,0,0,0,0,0,0,0,0,0,0,0,0,0,0,0,0,0,0,0,0,0,0,0,0,0,0,0,0,0,0,0,0,0,0,0,0,0,0,0,0,0,0,0,0,0,0,0,0,0,0,0,0,0,0,0,0,0,0,0,0,0,0,0,0,0,0,0
Chiang Mai,sample_04460,18.916,mixed_midrise,mixed_midrise,mixed_compact_midrise,TFGSeventyFourthTry74,3_experts,1,ground_truth,full,target_los,45928,0,0,0,0,0,0,0,0,0,0,0,0,0,0,0,0,0,0,0,0,0,0,0,0,0,0,0,0,0,0,9,80,196,203,257,368,407,531,650,793,1037,1197,1312,1518,1557,1650,1760,1723,1836,2012,2029,2299,2729,2742,3251,2538,3495,2379,1357,919,651,513,442,332,305,212,214,166,55,43,36,24,48,0,13,10,8,0,3,6,3,0,4,3,0,0,1,1,0,0,0,0,1,0,0,0,0,0,0,0,0,0,0,0,0,0,0,0,0,0,0,0,0,0,0,0,0,0,0,0,0,0,0,0,0,0,0,0,0,0,0,0,0,0,0,0,0,0,0,0
Chiang Mai,sample_04460,18.916,mixed_midrise,mixed_midrise,mixed_compact_midrise,TFGSeventyFourthTry74,3_experts,1,ground_truth,full,target_nlos,0,0,0,0,0,0,0,0,0,0,0,0,0,0,0,0,0,0,0,0,0,0,0,0,0,0,0,0,0,0,0,0,0,0,0,0,0,0,0,0,0,0,0,0,0,0,0,0,0,0,0,0,0,0,0,0,0,0,0,0,0,0,0,0,0,0,0,0,0,0,0,0,0,0,0,0,0,0,0,0,0,0,0,0,0,0,0,0,0,0,0,0,0,0,0,0,0,0,0,0,0,0,0,0,0,0,0,0,0,0,0,0,0,0,0,0,0,0,0,0,0,0,0,0,0,0,0,0,0,0,0,0,0,0,0,0,0,0,0,0,0
Chiang Mai,sample_04460,18.916,mixed_midrise,mixed_midrise,mixed_compact_midrise,TFGSeventyFourthTry74,3_experts,1,band4555_allcity_los,los_only,pred_los,45928,0,0,0,0,0,0,0,0,0,0,0,0,0,0,0,0,0,0,0,0,0,0,0,0,0,0,0,0,0,0,0,0,0,0,0,0,0,0,0,0,0,37,224,1313,2382,2750,2891,3315,3420,2510,2280,2258,1765,2703,3257,3759,5317,4211,1534,2,0,0,0,0,0,0,0,0,0,0,0,0,0,0,0,0,0,0,0,0,0,0,0,0,0,0,0,0,0,0,0,0,0,0,0,0,0,0,0,0,0,0,0,0,0,0,0,0,0,0,0,0,0,0,0,0,0,0,0,0,0,0,0,0,0,0,0,0,0,0,0,0,0,0,0,0,0,0,0,0
Chiang Mai,sample_04461,30.380,open_lowrise,open_lowrise,mixed_compact_midrise,TFGSeventyFourthTry74,3_experts,1,ground_truth,full,target_los,162477,0,0,0,0,0,0,0,0,0,0,0,0,0,0,0,0,0,0,0,0,0,0,0,0,0,0,0,0,0,0,0,0,0,0,7,163,297,475,679,818,1053,1202,1395,1881,2271,2808,3518,4242,5149,5963,7524,8852,10506,13818,14640,13336,11725,10440,8276,7320,6036,4569,3771,3143,2122,1726,958,696,366,237,159,110,137,0,29,21,14,0,5,5,6,0,1,3,2,0,0,1,0,0,1,0,0,0,0,0,0,0,0,0,0,0,1,0,0,0,0,0,0,0,0,0,0,0,0,0,0,0,0,0,0,0,0,0,0,0,0,0,0,0,0,0,0,0,0,0,0,0,0,0
Chiang Mai,sample_04461,30.380,open_lowrise,open_lowrise,mixed_compact_midrise,TFGSeventyFourthTry74,3_experts,1,ground_truth,full,target_nlos,0,0,0,0,0,0,0,0,0,0,0,0,0,0,0,0,0,0,0,0,0,0,0,0,0,0,0,0,0,0,0,0,0,0,0,0,0,0,0,0,0,0,0,0,0,0,0,0,0,0,0,0,0,0,0,0,0,0,0,0,0,0,0,0,0,0,0,0,0,0,0,0,0,0,0,0,0,0,0,0,0,0,0,0,0,0,0,0,0,0,0,0,0,0,0,0,0,0,0,0,0,0,0,0,0,0,0,0,0,0,0,0,0,0,0,0,0,0,0,0,0,0,0,0,0,0,0,0,0,0,0,0,0,0,0,0,0,0,0,0,0
Chiang Mai,sample_04461,30.380,open_lowrise,open_lowrise,mixed_compact_midrise,TFGSeventyFourthTry74,3_experts,1,band4555_allcity_los,los_only,pred_los,162477,0,0,0,0,0,0,0,0,0,0,0,0,0,0,0,0,0,0,0,0,0,0,0,0,0,0,0,0,0,0,0,0,0,0,0,0,0,0,0,0,0,10,175,1108,2439,2740,3195,3791,4901,6195,7736,8873,10625,13478,14390,15963,20864,22462,15967,6358,1206,1,0,0,0,0,0,0,0,0,0,0,0,0,0,0,0,0,0,0,0,0,0,0,0,0,0,0,0,0,0,0,0,0,0,0,0,0,0,0,0,0,0,0,0,0,0,0,0,0,0,0,0,0,0,0,0,0,0,0,0,0,0,0,0,0,0,0,0,0,0,0,0,0,0,0,0,0,0,0
Chiang Mai,sample_04462,135.088,open_lowrise,open_lowrise,mixed_compact_midrise,TFGSeventyFourthTry74,3_experts,1,ground_truth,full,target_los,189424,0,0,0,0,0,0,0,0,0,0,0,0,0,0,0,0,0,0,0,0,0,0,0,0,0,0,0,0,0,0,0,0,0,0,0,0,0,0,0,0,0,0,0,0,0,2,15,54,2966,5688,7936,10600,12577,15236,17752,18563,15724,12381,11311,9334,7772,6828,6781,5919,5686,5143,4481,3803,2096,335,58,59,102,0,40,37,50,0,18,11,27,0,5,5,12,0,4,0,5,1,1,2,0,1,1,1,0,1,0,0,0,0,0,0,0,0,0,0,0,0,0,0,0,0,0,0,0,0,0,0,0,0,0,0,0,0,0,0,0,0,0,0,0,0,0,0,0,0,0,0
Chiang Mai,sample_04462,135.088,open_lowrise,open_lowrise,mixed_compact_midrise,TFGSeventyFourthTry74,3_experts,1,ground_truth,full,target_nlos,0,0,0,0,0,0,0,0,0,0,0,0,0,0,0,0,0,0,0,0,0,0,0,0,0,0,0,0,0,0,0,0,0,0,0,0,0,0,0,0,0,0,0,0,0,0,0,0,0,0,0,0,0,0,0,0,0,0,0,0,0,0,0,0,0,0,0,0,0,0,0,0,0,0,0,0,0,0,0,0,0,0,0,0,0,0,0,0,0,0,0,0,0,0,0,0,0,0,0,0,0,0,0,0,0,0,0,0,0,0,0,0,0,0,0,0,0,0,0,0,0,0,0,0,0,0,0,0,0,0,0,0,0,0,0,0,0,0,0,0,0
Chiang Mai,sample_04462,135.088,open_lowrise,open_lowrise,mixed_compact_midrise,TFGSeventyFourthTry74,3_experts,1,band4555_allcity_los,los_only,pred_los,189424,0,0,0,0,0,0,0,0,0,0,0,0,0,0,0,0,0,0,0,0,0,0,0,0,0,0,0,0,0,0,0,0,0,0,0,0,0,0,0,0,0,9,168,1016,2404,2786,3358,3871,5038,6553,8002,9466,12101,15231,16581,18697,24643,28099,20987,9107,1304,3,0,0,0,0,0,0,0,0,0,0,0,0,0,0,0,0,0,0,0,0,0,0,0,0,0,0,0,0,0,0,0,0,0,0,0,0,0,0,0,0,0,0,0,0,0,0,0,0,0,0,0,0,0,0,0,0,0,0,0,0,0,0,0,0,0,0,0,0,0,0,0,0,0,0,0,0,0,0
Chiang Mai,sample_04463,79.503,open_lowrise,open_lowrise,mixed_compact_midrise,TFGSeventyFourthTry74,3_experts,1,ground_truth,full,target_los,179843,0,0,0,0,0,0,0,0,0,0,0,0,0,0,0,0,0,0,0,0,0,0,0,0,0,0,0,0,0,0,0,0,0,0,0,0,0,0,0,0,0,0,6,557,1736,2427,3371,4735,5552,7173,8483,10345,11449,13748,15586,15078,12975,11285,10302,8186,7675,6044,5963,5587,4714,3932,1831,412,171,120,97,61,95,0,36,26,34,0,15,11,9,0,5,3,3,0,3,1,0,0,0,0,0,1,0,0,0,0,0,0,0,0,0,0,0,0,0,0,0,0,0,0,0,0,0,0,0,0,0,0,0,0,0,0,0,0,0,0,0,0,0,0,0,0,0,0,0,0,0,0
Chiang Mai,sample_04463,79.503,open_lowrise,open_lowrise,mixed_compact_midrise,TFGSeventyFourthTry74,3_experts,1,ground_truth,full,target_nlos,0,0,0,0,0,0,0,0,0,0,0,0,0,0,0,0,0,0,0,0,0,0,0,0,0,0,0,0,0,0,0,0,0,0,0,0,0,0,0,0,0,0,0,0,0,0,0,0,0,0,0,0,0,0,0,0,0,0,0,0,0,0,0,0,0,0,0,0,0,0,0,0,0,0,0,0,0,0,0,0,0,0,0,0,0,0,0,0,0,0,0,0,0,0,0,0,0,0,0,0,0,0,0,0,0,0,0,0,0,0,0,0,0,0,0,0,0,0,0,0,0,0,0,0,0,0,0,0,0,0,0,0,0,0,0,0,0,0,0,0,0
Chiang Mai,sample_04463,79.503,open_lowrise,open_lowrise,mixed_compact_midrise,TFGSeventyFourthTry74,3_experts,1,band4555_allcity_los,los_only,pred_los,179843,0,0,0,0,0,0,0,0,0,0,0,0,0,0,0,0,0,0,0,0,0,0,0,0,0,0,0,0,0,0,0,0,0,0,0,0,0,0,0,0,0,9,168,1024,2412,2781,3312,3861,5009,6445,7827,9278,11669,14628,15994,18297,22851,25918,18943,8155,1260,2,0,0,0,0,0,0,0,0,0,0,0,0,0,0,0,0,0,0,0,0,0,0,0,0,0,0,0,0,0,0,0,0,0,0,0,0,0,0,0,0,0,0,0,0,0,0,0,0,0,0,0,0,0,0,0,0,0,0,0,0,0,0,0,0,0,0,0,0,0,0,0,0,0,0,0,0,0,0
Chiang Mai,sample_04464,51.347,open_lowrise,open_lowrise,mixed_compact_midrise,TFGSeventyFourthTry74,3_experts,1,ground_truth,full,target_los,170808,0,0,0,0,0,0,0,0,0,0,0,0,0,0,0,0,0,0,0,0,0,0,0,0,0,0,0,0,0,0,0,0,0,0,0,0,0,0,0,145,730,1026,1432,1841,2306,2806,3786,4541,5548,6462,7950,9139,10559,11975,15437,14683,13002,10655,9390,7925,7442,6488,5384,4676,3028,1282,538,224,99,88,75,52,54,0,11,7,12,0,2,3,4,0,0,1,0,0,0,0,0,0,0,0,0,0,0,0,0,0,0,0,0,0,0,0,0,0,0,0,0,0,0,0,0,0,0,0,0,0,0,0,0,0,0,0,0,0,0,0,0,0,0,0,0,0,0,0,0,0,0,0
Chiang Mai,sample_04464,51.347,open_lowrise,open_lowrise,mixed_compact_midrise,TFGSeventyFourthTry74,3_experts,1,ground_truth,full,target_nlos,0,0,0,0,0,0,0,0,0,0,0,0,0,0,0,0,0,0,0,0,0,0,0,0,0,0,0,0,0,0,0,0,0,0,0,0,0,0,0,0,0,0,0,0,0,0,0,0,0,0,0,0,0,0,0,0,0,0,0,0,0,0,0,0,0,0,0,0,0,0,0,0,0,0,0,0,0,0,0,0,0,0,0,0,0,0,0,0,0,0,0,0,0,0,0,0,0,0,0,0,0,0,0,0,0,0,0,0,0,0,0,0,0,0,0,0,0,0,0,0,0,0,0,0,0,0,0,0,0,0,0,0,0,0,0,0,0,0,0,0,0
Chiang Mai,sample_04464,51.347,open_lowrise,open_lowrise,mixed_compact_midrise,TFGSeventyFourthTry74,3_experts,1,band4555_allcity_los,los_only,pred_los,170808,0,0,0,0,0,0,0,0,0,0,0,0,0,0,0,0,0,0,0,0,0,0,0,0,0,0,0,0,0,0,0,0,0,0,0,0,0,0,0,0,0,9,170,1052,2437,2765,3255,3824,5005,6306,7746,8963,11320,14137,14950,17808,22480,23594,16898,6869,1219,1,0,0,0,0,0,0,0,0,0,0,0,0,0,0,0,0,0,0,0,0,0,0,0,0,0,0,0,0,0,0,0,0,0,0,0,0,0,0,0,0,0,0,0,0,0,0,0,0,0,0,0,0,0,0,0,0,0,0,0,0,0,0,0,0,0,0,0,0,0,0,0,0,0,0,0,0,0,0
Chiang Mai,sample_04465,61.144,open_lowrise,open_lowrise,mixed_compact_midrise,TFGSeventyFourthTry74,3_experts,1,ground_truth,full,target_los,174500,0,0,0,0,0,0,0,0,0,0,0,0,0,0,0,0,0,0,0,0,0,0,0,0,0,0,0,0,0,0,0,0,0,0,0,0,0,0,0,0,3,588,1156,1743,2222,2896,3658,4634,5621,6999,7773,9799,10901,12989,14780,15009,12496,10865,9601,8253,7396,6445,5895,5087,3996,2305,674,210,124,95,88,58,60,0,23,14,22,0,1,4,6,0,1,3,2,0,0,1,2,0,0,0,1,0,0,0,0,0,0,0,0,0,0,1,0,0,0,0,0,0,0,0,0,0,0,0,0,0,0,0,0,0,0,0,0,0,0,0,0,0,0,0,0,0,0,0,0,0,0,0
Chiang Mai,sample_04465,61.144,open_lowrise,open_lowrise,mixed_compact_midrise,TFGSeventyFourthTry74,3_experts,1,ground_truth,full,target_nlos,0,0,0,0,0,0,0,0,0,0,0,0,0,0,0,0,0,0,0,0,0,0,0,0,0,0,0,0,0,0,0,0,0,0,0,0,0,0,0,0,0,0,0,0,0,0,0,0,0,0,0,0,0,0,0,0,0,0,0,0,0,0,0,0,0,0,0,0,0,0,0,0,0,0,0,0,0,0,0,0,0,0,0,0,0,0,0,0,0,0,0,0,0,0,0,0,0,0,0,0,0,0,0,0,0,0,0,0,0,0,0,0,0,0,0,0,0,0,0,0,0,0,0,0,0,0,0,0,0,0,0,0,0,0,0,0,0,0,0,0,0
Chiang Mai,sample_04465,61.144,open_lowrise,open_lowrise,mixed_compact_midrise,TFGSeventyFourthTry74,3_experts,1,band4555_allcity_los,los_only,pred_los,174500,0,0,0,0,0,0,0,0,0,0,0,0,0,0,0,0,0,0,0,0,0,0,0,0,0,0,0,0,0,0,0,0,0,0,0,0,0,0,0,0,0,9,168,1035,2413,2781,3274,3843,5014,6344,7779,9101,11519,14245,15540,18034,22596,24336,18079,7161,1228,1,0,0,0,0,0,0,0,0,0,0,0,0,0,0,0,0,0,0,0,0,0,0,0,0,0,0,0,0,0,0,0,0,0,0,0,0,0,0,0,0,0,0,0,0,0,0,0,0,0,0,0,0,0,0,0,0,0,0,0,0,0,0,0,0,0,0,0,0,0,0,0,0,0,0,0,0,0,0
Chiang Mai,sample_04466,289.305,mixed_midrise,mixed_midrise,dense_block_midrise,TFGSeventyFourthTry74,3_experts,1,ground_truth,full,target_los,121761,0,0,0,0,0,0,0,0,0,0,0,0,0,0,0,0,0,0,0,0,0,0,0,0,0,0,0,0,0,0,0,0,0,0,0,0,0,0,0,0,0,0,0,0,0,0,0,0,0,0,8,43,203,713,3059,9910,13734,14375,12172,11132,9850,8507,6265,4909,4235,3639,3279,3120,2878,3324,2813,1894,902,0,133,130,192,0,76,58,68,0,26,19,29,0,14,10,5,8,9,5,4,3,4,1,1,1,0,1,0,0,0,0,0,0,0,0,0,0,0,0,0,0,0,0,0,0,0,0,0,0,0,0,0,0,0,0,0,0,0,0,0,0,0,0,0,0,0,0
Chiang Mai,sample_04466,289.305,mixed_midrise,mixed_midrise,dense_block_midrise,TFGSeventyFourthTry74,3_experts,1,ground_truth,full,target_nlos,0,0,0,0,0,0,0,0,0,0,0,0,0,0,0,0,0,0,0,0,0,0,0,0,0,0,0,0,0,0,0,0,0,0,0,0,0,0,0,0,0,0,0,0,0,0,0,0,0,0,0,0,0,0,0,0,0,0,0,0,0,0,0,0,0,0,0,0,0,0,0,0,0,0,0,0,0,0,0,0,0,0,0,0,0,0,0,0,0,0,0,0,0,0,0,0,0,0,0,0,0,0,0,0,0,0,0,0,0,0,0,0,0,0,0,0,0,0,0,0,0,0,0,0,0,0,0,0,0,0,0,0,0,0,0,0,0,0,0,0,0
Chiang Mai,sample_04466,289.305,mixed_midrise,mixed_midrise,dense_block_midrise,TFGSeventyFourthTry74,3_experts,1,band4555_allcity_los,los_only,pred_los,121761,0,0,0,0,0,0,0,0,0,0,0,0,0,0,0,0,0,0,0,0,0,0,0,0,0,0,0,0,0,0,0,0,0,0,0,0,0,0,0,0,0,16,66,570,1304,934,1583,2755,3361,3682,4099,5655,6781,9839,12560,13525,15738,14584,13621,9559,1529,0,0,0,0,0,0,0,0,0,0,0,0,0,0,0,0,0,0,0,0,0,0,0,0,0,0,0,0,0,0,0,0,0,0,0,0,0,0,0,0,0,0,0,0,0,0,0,0,0,0,0,0,0,0,0,0,0,0,0,0,0,0,0,0,0,0,0,0,0,0,0,0,0,0,0,0,0,0,0
Chiang Mai,sample_04467,101.937,mixed_midrise,mixed_midrise,dense_block_midrise,TFGSeventyFourthTry74,3_experts,1,ground_truth,full,target_los,73790,0,0,0,0,0,0,0,0,0,0,0,0,0,0,0,0,0,0,0,0,0,0,0,0,0,0,0,0,0,0,0,0,0,0,0,0,0,0,0,0,0,2,13,69,131,450,955,1590,2081,2572,3192,4168,4954,5765,6326,6244,6140,5307,4802,3748,3230,2523,2076,1726,1374,1264,1051,668,320,213,167,153,195,0,75,47,77,0,21,19,35,0,10,8,12,0,2,4,4,3,1,0,1,0,0,0,0,0,1,1,0,0,0,0,0,0,0,0,0,0,0,0,0,0,0,0,0,0,0,0,0,0,0,0,0,0,0,0,0,0,0,0,0,0,0,0,0,0,0,0
Chiang Mai,sample_04467,101.937,mixed_midrise,mixed_midrise,dense_block_midrise,TFGSeventyFourthTry74,3_experts,1,ground_truth,full,target_nlos,0,0,0,0,0,0,0,0,0,0,0,0,0,0,0,0,0,0,0,0,0,0,0,0,0,0,0,0,0,0,0,0,0,0,0,0,0,0,0,0,0,0,0,0,0,0,0,0,0,0,0,0,0,0,0,0,0,0,0,0,0,0,0,0,0,0,0,0,0,0,0,0,0,0,0,0,0,0,0,0,0,0,0,0,0,0,0,0,0,0,0,0,0,0,0,0,0,0,0,0,0,0,0,0,0,0,0,0,0,0,0,0,0,0,0,0,0,0,0,0,0,0,0,0,0,0,0,0,0,0,0,0,0,0,0,0,0,0,0,0,0
Chiang Mai,sample_04467,101.937,mixed_midrise,mixed_midrise,dense_block_midrise,TFGSeventyFourthTry74,3_experts,1,band4555_allcity_los,los_only,pred_los,73790,0,0,0,0,0,0,0,0,0,0,0,0,0,0,0,0,0,0,0,0,0,0,0,0,0,0,0,0,0,0,0,0,0,0,0,0,0,0,0,0,0,10,83,618,1192,712,1006,1534,2336,2873,2943,4147,4318,4574,6423,9244,11164,8707,5690,4878,1338,0,0,0,0,0,0,0,0,0,0,0,0,0,0,0,0,0,0,0,0,0,0,0,0,0,0,0,0,0,0,0,0,0,0,0,0,0,0,0,0,0,0,0,0,0,0,0,0,0,0,0,0,0,0,0,0,0,0,0,0,0,0,0,0,0,0,0,0,0,0,0,0,0,0,0,0,0,0,0
Chiang Mai,sample_04468,50.343,mixed_midrise,mixed_midrise,dense_block_midrise,TFGSeventyFourthTry74,3_experts,1,ground_truth,full,target_los,35150,0,0,0,0,0,0,0,0,0,0,0,0,0,0,0,0,0,0,0,0,0,0,0,0,0,0,0,0,0,0,0,0,0,0,0,0,2,9,67,180,230,300,360,435,525,614,732,954,1239,1515,1986,2195,2356,2609,2629,2482,2296,3122,1734,2096,1340,808,635,506,422,235,136,107,58,54,41,38,43,0,18,8,8,0,3,1,7,0,4,2,4,0,1,4,0,0,0,0,0,0,0,0,0,0,0,0,0,0,0,0,0,0,0,0,0,0,0,0,0,0,0,0,0,0,0,0,0,0,0,0,0,0,0,0,0,0,0,0,0,0,0,0,0,0,0,0
Chiang Mai,sample_04468,50.343,mixed_midrise,mixed_midrise,dense_block_midrise,TFGSeventyFourthTry74,3_experts,1,ground_truth,full,target_nlos,0,0,0,0,0,0,0,0,0,0,0,0,0,0,0,0,0,0,0,0,0,0,0,0,0,0,0,0,0,0,0,0,0,0,0,0,0,0,0,0,0,0,0,0,0,0,0,0,0,0,0,0,0,0,0,0,0,0,0,0,0,0,0,0,0,0,0,0,0,0,0,0,0,0,0,0,0,0,0,0,0,0,0,0,0,0,0,0,0,0,0,0,0,0,0,0,0,0,0,0,0,0,0,0,0,0,0,0,0,0,0,0,0,0,0,0,0,0,0,0,0,0,0,0,0,0,0,0,0,0,0,0,0,0,0,0,0,0,0,0,0
Chiang Mai,sample_04468,50.343,mixed_midrise,mixed_midrise,dense_block_midrise,TFGSeventyFourthTry74,3_experts,1,band4555_allcity_los,los_only,pred_los,35150,0,0,0,0,0,0,0,0,0,0,0,0,0,0,0,0,0,0,0,0,0,0,0,0,0,0,0,0,0,0,0,0,0,0,0,0,0,0,0,0,0,12,123,661,977,464,508,594,1009,1286,1784,2183,2798,3235,3501,3786,4995,3516,1283,1812,623,0,0,0,0,0,0,0,0,0,0,0,0,0,0,0,0,0,0,0,0,0,0,0,0,0,0,0,0,0,0,0,0,0,0,0,0,0,0,0,0,0,0,0,0,0,0,0,0,0,0,0,0,0,0,0,0,0,0,0,0,0,0,0,0,0,0,0,0,0,0,0,0,0,0,0,0,0,0,0
Chiang Mai,sample_04469,44.930,mixed_midrise,mixed_midrise,dense_block_midrise,TFGSeventyFourthTry74,3_experts,1,ground_truth,full,target_los,29533,0,0,0,0,0,0,0,0,0,0,0,0,0,0,0,0,0,0,0,0,0,0,0,0,0,0,0,0,0,0,0,0,0,0,0,0,6,56,136,217,264,290,329,370,441,455,539,817,974,1289,1735,1926,2173,2361,2094,1969,1687,2240,1835,1339,1406,665,522,419,289,207,159,114,48,48,30,27,26,0,7,7,5,0,2,1,4,0,1,2,0,0,0,1,0,0,0,1,0,0,0,0,0,0,0,0,0,0,0,0,0,0,0,0,0,0,0,0,0,0,0,0,0,0,0,0,0,0,0,0,0,0,0,0,0,0,0,0,0,0,0,0,0,0,0,0
Chiang Mai,sample_04469,44.930,mixed_midrise,mixed_midrise,dense_block_midrise,TFGSeventyFourthTry74,3_experts,1,ground_truth,full,target_nlos,0,0,0,0,0,0,0,0,0,0,0,0,0,0,0,0,0,0,0,0,0,0,0,0,0,0,0,0,0,0,0,0,0,0,0,0,0,0,0,0,0,0,0,0,0,0,0,0,0,0,0,0,0,0,0,0,0,0,0,0,0,0,0,0,0,0,0,0,0,0,0,0,0,0,0,0,0,0,0,0,0,0,0,0,0,0,0,0,0,0,0,0,0,0,0,0,0,0,0,0,0,0,0,0,0,0,0,0,0,0,0,0,0,0,0,0,0,0,0,0,0,0,0,0,0,0,0,0,0,0,0,0,0,0,0,0,0,0,0,0,0
Chiang Mai,sample_04469,44.930,mixed_midrise,mixed_midrise,dense_block_midrise,TFGSeventyFourthTry74,3_experts,1,band4555_allcity_los,los_only,pred_los,29533,0,0,0,0,0,0,0,0,0,0,0,0,0,0,0,0,0,0,0,0,0,0,0,0,0,0,0,0,0,0,0,0,0,0,0,0,0,0,0,0,0,17,132,682,935,426,466,489,727,1010,1261,1787,2432,3110,3116,3690,3742,2484,1142,1322,563,0,0,0,0,0,0,0,0,0,0,0,0,0,0,0,0,0,0,0,0,0,0,0,0,0,0,0,0,0,0,0,0,0,0,0,0,0,0,0,0,0,0,0,0,0,0,0,0,0,0,0,0,0,0,0,0,0,0,0,0,0,0,0,0,0,0,0,0,0,0,0,0,0,0,0,0,0,0,0
Chiang Mai,sample_04470,54.465,mixed_midrise,mixed_midrise,dense_block_midrise,TFGSeventyFourthTry74,3_experts,1,ground_truth,full,target_los,39011,0,0,0,0,0,0,0,0,0,0,0,0,0,0,0,0,0,0,0,0,0,0,0,0,0,0,0,0,0,0,0,0,0,0,0,0,0,4,20,112,231,285,341,428,551,713,799,1155,1357,1705,2129,2320,2602,2814,3064,2698,2889,3450,1878,2338,1186,939,780,644,583,340,227,97,72,71,48,42,40,0,14,12,15,0,4,3,3,0,3,0,2,0,0,0,1,1,1,0,0,0,0,0,0,0,0,0,0,0,0,0,0,0,0,0,0,0,0,0,0,0,0,0,0,0,0,0,0,0,0,0,0,0,0,0,0,0,0,0,0,0,0,0,0,0,0,0
Chiang Mai,sample_04470,54.465,mixed_midrise,mixed_midrise,dense_block_midrise,TFGSeventyFourthTry74,3_experts,1,ground_truth,full,target_nlos,0,0,0,0,0,0,0,0,0,0,0,0,0,0,0,0,0,0,0,0,0,0,0,0,0,0,0,0,0,0,0,0,0,0,0,0,0,0,0,0,0,0,0,0,0,0,0,0,0,0,0,0,0,0,0,0,0,0,0,0,0,0,0,0,0,0,0,0,0,0,0,0,0,0,0,0,0,0,0,0,0,0,0,0,0,0,0,0,0,0,0,0,0,0,0,0,0,0,0,0,0,0,0,0,0,0,0,0,0,0,0,0,0,0,0,0,0,0,0,0,0,0,0,0,0,0,0,0,0,0,0,0,0,0,0,0,0,0,0,0,0
Chiang Mai,sample_04470,54.465,mixed_midrise,mixed_midrise,dense_block_midrise,TFGSeventyFourthTry74,3_experts,1,band4555_allcity_los,los_only,pred_los,39011,0,0,0,0,0,0,0,0,0,0,0,0,0,0,0,0,0,0,0,0,0,0,0,0,0,0,0,0,0,0,0,0,0,0,0,0,0,0,0,0,0,9,121,656,991,504,547,692,1202,1419,2225,2340,3038,3328,3800,3996,6341,3552,1640,1854,756,0,0,0,0,0,0,0,0,0,0,0,0,0,0,0,0,0,0,0,0,0,0,0,0,0,0,0,0,0,0,0,0,0,0,0,0,0,0,0,0,0,0,0,0,0,0,0,0,0,0,0,0,0,0,0,0,0,0,0,0,0,0,0,0,0,0,0,0,0,0,0,0,0,0,0,0,0,0,0
Chiang Mai,sample_04471,51.970,open_lowrise,open_lowrise,mixed_compact_midrise,TFGSeventyFourthTry74,3_experts,1,ground_truth,full,target_los,176101,0,0,0,0,0,0,0,0,0,0,0,0,0,0,0,0,0,0,0,0,0,0,0,0,0,0,0,0,0,0,0,0,0,0,0,0,0,0,21,180,561,949,1168,1776,1986,2643,3331,3868,4741,5762,7905,9634,11281,13715,14935,14188,13530,12356,10844,9915,7818,6607,5050,4111,2710,1550,968,660,387,278,226,168,157,0,36,24,23,0,10,6,5,0,3,4,5,0,2,0,1,0,1,0,0,2,0,0,0,0,0,0,0,0,0,0,0,0,0,0,0,0,0,0,0,0,0,0,0,0,0,0,0,0,0,0,0,0,0,0,0,0,0,0,0,0,0,0,0,0,0,0
Chiang Mai,sample_04471,51.970,open_lowrise,open_lowrise,mixed_compact_midrise,TFGSeventyFourthTry74,3_experts,1,ground_truth,full,target_nlos,0,0,0,0,0,0,0,0,0,0,0,0,0,0,0,0,0,0,0,0,0,0,0,0,0,0,0,0,0,0,0,0,0,0,0,0,0,0,0,0,0,0,0,0,0,0,0,0,0,0,0,0,0,0,0,0,0,0,0,0,0,0,0,0,0,0,0,0,0,0,0,0,0,0,0,0,0,0,0,0,0,0,0,0,0,0,0,0,0,0,0,0,0,0,0,0,0,0,0,0,0,0,0,0,0,0,0,0,0,0,0,0,0,0,0,0,0,0,0,0,0,0,0,0,0,0,0,0,0,0,0,0,0,0,0,0,0,0,0,0,0
Chiang Mai,sample_04471,51.970,open_lowrise,open_lowrise,mixed_compact_midrise,TFGSeventyFourthTry74,3_experts,1,band4555_allcity_los,los_only,pred_los,176101,0,0,0,0,0,0,0,0,0,0,0,0,0,0,0,0,0,0,0,0,0,0,0,0,0,0,0,0,0,0,0,0,0,0,0,0,0,0,0,0,0,19,175,1112,2201,2477,2792,3297,4308,5431,6877,7835,9913,13687,16889,19757,25651,25877,17882,8115,1804,2,0,0,0,0,0,0,0,0,0,0,0,0,0,0,0,0,0,0,0,0,0,0,0,0,0,0,0,0,0,0,0,0,0,0,0,0,0,0,0,0,0,0,0,0,0,0,0,0,0,0,0,0,0,0,0,0,0,0,0,0,0,0,0,0,0,0,0,0,0,0,0,0,0,0,0,0,0,0
Chiang Mai,sample_04472,194.618,open_lowrise,open_lowrise,mixed_compact_midrise,TFGSeventyFourthTry74,3_experts,1,ground_truth,full,target_los,197509,0,0,0,0,0,0,0,0,0,0,0,0,0,0,0,0,0,0,0,0,0,0,0,0,0,0,0,0,0,0,0,0,0,0,0,0,0,0,0,0,0,0,0,0,0,0,0,0,16,32,109,4130,9532,15050,19586,23887,20567,16285,13233,11116,9466,7898,6927,6436,6298,5990,5772,5611,4668,3310,835,134,194,0,87,56,81,0,23,33,51,0,16,17,24,0,8,6,7,5,4,1,3,2,0,0,1,1,0,0,0,0,1,0,0,0,0,0,0,0,0,0,0,0,0,0,0,0,0,0,0,0,0,0,0,0,0,0,0,0,0,0,0,0,0,0,0,0,0,0
Chiang Mai,sample_04472,194.618,open_lowrise,open_lowrise,mixed_compact_midrise,TFGSeventyFourthTry74,3_experts,1,ground_truth,full,target_nlos,0,0,0,0,0,0,0,0,0,0,0,0,0,0,0,0,0,0,0,0,0,0,0,0,0,0,0,0,0,0,0,0,0,0,0,0,0,0,0,0,0,0,0,0,0,0,0,0,0,0,0,0,0,0,0,0,0,0,0,0,0,0,0,0,0,0,0,0,0,0,0,0,0,0,0,0,0,0,0,0,0,0,0,0,0,0,0,0,0,0,0,0,0,0,0,0,0,0,0,0,0,0,0,0,0,0,0,0,0,0,0,0,0,0,0,0,0,0,0,0,0,0,0,0,0,0,0,0,0,0,0,0,0,0,0,0,0,0,0,0,0
Chiang Mai,sample_04472,194.618,open_lowrise,open_lowrise,mixed_compact_midrise,TFGSeventyFourthTry74,3_experts,1,band4555_allcity_los,los_only,pred_los,197509,0,0,0,0,0,0,0,0,0,0,0,0,0,0,0,0,0,0,0,0,0,0,0,0,0,0,0,0,0,0,0,0,0,0,0,0,0,0,0,0,0,15,172,1071,2172,2398,2787,3345,4501,5826,7677,9109,10662,15378,19441,22297,29895,31171,19647,8143,1800,2,0,0,0,0,0,0,0,0,0,0,0,0,0,0,0,0,0,0,0,0,0,0,0,0,0,0,0,0,0,0,0,0,0,0,0,0,0,0,0,0,0,0,0,0,0,0,0,0,0,0,0,0,0,0,0,0,0,0,0,0,0,0,0,0,0,0,0,0,0,0,0,0,0,0,0,0,0,0
Chiang Mai,sample_04473,63.151,open_lowrise,open_lowrise,mixed_compact_midrise,TFGSeventyFourthTry74,3_experts,1,ground_truth,full,target_los,182040,0,0,0,0,0,0,0,0,0,0,0,0,0,0,0,0,0,0,0,0,0,0,0,0,0,0,0,0,0,0,0,0,0,0,0,0,0,0,0,6,32,381,997,1404,2023,2568,3209,4056,4725,6319,8228,9924,11800,14385,15980,15195,13851,12369,10856,9081,7893,7013,5696,4606,3646,2199,1173,673,518,382,292,198,206,0,52,29,38,0,8,9,8,0,4,1,4,0,1,0,0,0,0,0,1,1,0,0,0,0,0,0,0,0,0,0,0,0,0,0,0,0,0,0,0,0,0,0,0,0,0,0,0,0,0,0,0,0,0,0,0,0,0,0,0,0,0,0,0,0,0,0
Chiang Mai,sample_04473,63.151,open_lowrise,open_lowrise,mixed_compact_midrise,TFGSeventyFourthTry74,3_experts,1,ground_truth,full,target_nlos,0,0,0,0,0,0,0,0,0,0,0,0,0,0,0,0,0,0,0,0,0,0,0,0,0,0,0,0,0,0,0,0,0,0,0,0,0,0,0,0,0,0,0,0,0,0,0,0,0,0,0,0,0,0,0,0,0,0,0,0,0,0,0,0,0,0,0,0,0,0,0,0,0,0,0,0,0,0,0,0,0,0,0,0,0,0,0,0,0,0,0,0,0,0,0,0,0,0,0,0,0,0,0,0,0,0,0,0,0,0,0,0,0,0,0,0,0,0,0,0,0,0,0,0,0,0,0,0,0,0,0,0,0,0,0,0,0,0,0,0,0
Chiang Mai,sample_04473,63.151,open_lowrise,open_lowrise,mixed_compact_midrise,TFGSeventyFourthTry74,3_experts,1,band4555_allcity_los,los_only,pred_los,182040,0,0,0,0,0,0,0,0,0,0,0,0,0,0,0,0,0,0,0,0,0,0,0,0,0,0,0,0,0,0,0,0,0,0,0,0,0,0,0,0,0,18,175,1094,2190,2459,2788,3302,4331,5456,7059,8013,10356,13846,17269,20222,26818,27860,18869,8105,1808,2,0,0,0,0,0,0,0,0,0,0,0,0,0,0,0,0,0,0,0,0,0,0,0,0,0,0,0,0,0,0,0,0,0,0,0,0,0,0,0,0,0,0,0,0,0,0,0,0,0,0,0,0,0,0,0,0,0,0,0,0,0,0,0,0,0,0,0,0,0,0,0,0,0,0,0,0,0,0
Chiang Mai,sample_04474,23.369,open_lowrise,open_lowrise,mixed_compact_midrise,TFGSeventyFourthTry74,3_experts,1,ground_truth,full,target_los,123113,0,0,0,0,0,0,0,0,0,0,0,0,0,0,0,0,0,0,0,0,0,0,0,0,0,0,0,0,0,0,0,0,41,121,208,338,383,477,559,728,934,1159,1386,1651,2104,2472,2916,3346,4212,5173,6961,8516,9966,10523,9603,8667,7781,6627,5482,4435,3692,2900,2324,1846,1487,956,875,592,494,392,201,119,183,0,66,53,69,0,20,25,16,0,5,8,8,0,4,0,1,0,3,1,2,2,0,0,0,0,0,0,0,0,0,0,0,0,0,0,0,0,0,0,0,0,0,0,0,0,0,0,0,0,0,0,0,0,0,0,0,0,0,0,0,0,0,0,0,0,0,0
Chiang Mai,sample_04474,23.369,open_lowrise,open_lowrise,mixed_compact_midrise,TFGSeventyFourthTry74,3_experts,1,ground_truth,full,target_nlos,0,0,0,0,0,0,0,0,0,0,0,0,0,0,0,0,0,0,0,0,0,0,0,0,0,0,0,0,0,0,0,0,0,0,0,0,0,0,0,0,0,0,0,0,0,0,0,0,0,0,0,0,0,0,0,0,0,0,0,0,0,0,0,0,0,0,0,0,0,0,0,0,0,0,0,0,0,0,0,0,0,0,0,0,0,0,0,0,0,0,0,0,0,0,0,0,0,0,0,0,0,0,0,0,0,0,0,0,0,0,0,0,0,0,0,0,0,0,0,0,0,0,0,0,0,0,0,0,0,0,0,0,0,0,0,0,0,0,0,0,0
Chiang Mai,sample_04474,23.369,open_lowrise,open_lowrise,mixed_compact_midrise,TFGSeventyFourthTry74,3_experts,1,band4555_allcity_los,los_only,pred_los,123113,0,0,0,0,0,0,0,0,0,0,0,0,0,0,0,0,0,0,0,0,0,0,0,0,0,0,0,0,0,0,0,0,0,0,0,0,0,0,0,0,0,36,205,1291,2210,2517,2812,3338,4318,5394,6521,6816,8074,10682,12005,13792,16595,15336,7517,2897,757,0,0,0,0,0,0,0,0,0,0,0,0,0,0,0,0,0,0,0,0,0,0,0,0,0,0,0,0,0,0,0,0,0,0,0,0,0,0,0,0,0,0,0,0,0,0,0,0,0,0,0,0,0,0,0,0,0,0,0,0,0,0,0,0,0,0,0,0,0,0,0,0,0,0,0,0,0,0,0
Chiang Mai,sample_04475,45.785,open_lowrise,open_lowrise,mixed_compact_midrise,TFGSeventyFourthTry74,3_experts,1,ground_truth,full,target_los,170516,0,0,0,0,0,0,0,0,0,0,0,0,0,0,0,0,0,0,0,0,0,0,0,0,0,0,0,0,0,0,0,0,0,0,0,0,0,14,123,492,778,1055,1369,1775,2044,2654,3148,3791,4546,5635,7689,9287,10774,13761,14513,14114,13101,11637,10371,9179,7848,6357,4777,3518,2102,1394,976,653,333,225,158,108,111,0,34,25,14,0,8,4,5,0,2,4,6,0,1,0,0,0,0,0,0,0,1,0,1,0,0,0,0,0,0,0,0,0,0,1,0,0,0,0,0,0,0,0,0,0,0,0,0,0,0,0,0,0,0,0,0,0,0,0,0,0,0,0,0,0,0,0
Chiang Mai,sample_04475,45.785,open_lowrise,open_lowrise,mixed_compact_midrise,TFGSeventyFourthTry74,3_experts,1,ground_truth,full,target_nlos,0,0,0,0,0,0,0,0,0,0,0,0,0,0,0,0,0,0,0,0,0,0,0,0,0,0,0,0,0,0,0,0,0,0,0,0,0,0,0,0,0,0,0,0,0,0,0,0,0,0,0,0,0,0,0,0,0,0,0,0,0,0,0,0,0,0,0,0,0,0,0,0,0,0,0,0,0,0,0,0,0,0,0,0,0,0,0,0,0,0,0,0,0,0,0,0,0,0,0,0,0,0,0,0,0,0,0,0,0,0,0,0,0,0,0,0,0,0,0,0,0,0,0,0,0,0,0,0,0,0,0,0,0,0,0,0,0,0,0,0,0
Chiang Mai,sample_04475,45.785,open_lowrise,open_lowrise,mixed_compact_midrise,TFGSeventyFourthTry74,3_experts,1,band4555_allcity_los,los_only,pred_los,170516,0,0,0,0,0,0,0,0,0,0,0,0,0,0,0,0,0,0,0,0,0,0,0,0,0,0,0,0,0,0,0,0,0,0,0,0,0,0,0,0,0,21,179,1122,2210,2480,2789,3313,4285,5399,6762,7648,9441,13698,16504,19720,24955,24455,15653,8070,1811,1,0,0,0,0,0,0,0,0,0,0,0,0,0,0,0,0,0,0,0,0,0,0,0,0,0,0,0,0,0,0,0,0,0,0,0,0,0,0,0,0,0,0,0,0,0,0,0,0,0,0,0,0,0,0,0,0,0,0,0,0,0,0,0,0,0,0,0,0,0,0,0,0,0,0,0,0,0,0
Chiang Mai,sample_04436,60.050,mixed_midrise,mixed_midrise,mixed_compact_lowrise,TFGSeventyFourthTry74,3_experts,1,band4555_allcity_nlos,nlos_only,pred_nlos,71863,63809,518,524,475,473,387,331,303,308,243,258,226,219,237,212,207,206,189,157,155,130,132,104,118,117,127,93,101,97,77,80,72,71,84,71,65,71,62,33,52,63,50,44,52,56,56,46,46,41,48,49,37,23,15,11,8,17,6,0,1,0,0,0,0,0,0,0,0,0,0,0,0,0,0,0,0,0,0,0,0,0,0,0,0,0,0,0,0,0,0,0,0,0,0,0,0,0,0,0,0,0,0,0,0,0,0,0,0,0,0,0,0,0,0,0,0,0,0,0,0,0,0,0,0,0,0,0,0,0,0,0,0,0,0,0,0,0,0,0,0
Chiang Mai,sample_04437,247.605,mixed_midrise,mixed_midrise,mixed_compact_lowrise,TFGSeventyFourthTry74,3_experts,1,band4555_allcity_nlos,nlos_only,pred_nlos,28275,25024,181,171,143,151,130,122,116,88,91,77,90,89,105,74,57,60,46,61,51,58,53,62,47,52,46,48,60,50,58,44,39,46,47,31,34,37,30,37,36,40,36,26,26,26,26,25,23,27,18,18,22,27,18,27,20,15,4,5,2,2,0,0,0,0,0,0,0,0,0,0,0,0,0,0,0,0,0,0,0,0,0,0,0,0,0,0,0,0,0,0,0,0,0,0,0,0,0,0,0,0,0,0,0,0,0,0,0,0,0,0,0,0,0,0,0,0,0,0,0,0,0,0,0,0,0,0,0,0,0,0,0,0,0,0,0,0,0,0,0
Chiang Mai,sample_04438,37.063,mixed_midrise,mixed_midrise,mixed_compact_lowrise,TFGSeventyFourthTry74,3_experts,1,band4555_allcity_nlos,nlos_only,pred_nlos,97948,85371,910,866,853,774,699,664,643,600,511,499,469,434,458,409,348,324,274,235,207,189,144,125,134,135,136,99,103,90,86,93,80,75,74,64,59,60,58,56,48,51,36,54,42,27,38,41,21,30,36,42,23,22,21,8,0,0,0,0,0,0,0,0,0,0,0,0,0,0,0,0,0,0,0,0,0,0,0,0,0,0,0,0,0,0,0,0,0,0,0,0,0,0,0,0,0,0,0,0,0,0,0,0,0,0,0,0,0,0,0,0,0,0,0,0,0,0,0,0,0,0,0,0,0,0,0,0,0,0,0,0,0,0,0,0,0,0,0,0,0
Chiang Mai,sample_04439,107.746,mixed_midrise,mixed_midrise,mixed_compact_lowrise,TFGSeventyFourthTry74,3_experts,1,band4555_allcity_nlos,nlos_only,pred_nlos,50193,44745,291,285,261,267,193,171,177,152,165,148,124,122,120,123,112,122,120,99,98,130,102,112,84,104,78,64,72,73,68,70,68,63,80,66,50,59,53,36,48,56,40,46,46,46,35,36,28,31,40,41,42,35,51,57,72,51,26,16,7,8,4,4,0,0,0,0,0,0,0,0,0,0,0,0,0,0,0,0,0,0,0,0,0,0,0,0,0,0,0,0,0,0,0,0,0,0,0,0,0,0,0,0,0,0,0,0,0,0,0,0,0,0,0,0,0,0,0,0,0,0,0,0,0,0,0,0,0,0,0,0,0,0,0,0,0,0,0,0,0
Chiang Mai,sample_04440,149.380,mixed_midrise,mixed_midrise,mixed_compact_lowrise,TFGSeventyFourthTry74,3_experts,1,band4555_allcity_nlos,nlos_only,pred_nlos,40441,36093,222,172,180,183,149,181,147,143,145,138,118,127,110,97,108,95,82,100,77,89,76,75,56,67,76,42,56,50,40,39,42,49,47,43,33,39,48,27,38,34,41,34,36,31,38,45,28,26,48,38,54,51,55,57,49,50,17,5,3,2,0,0,0,0,0,0,0,0,0,0,0,0,0,0,0,0,0,0,0,0,0,0,0,0,0,0,0,0,0,0,0,0,0,0,0,0,0,0,0,0,0,0,0,0,0,0,0,0,0,0,0,0,0,0,0,0,0,0,0,0,0,0,0,0,0,0,0,0,0,0,0,0,0,0,0,0,0,0,0
Chiang Mai,sample_04441,38.386,mixed_midrise,mixed_midrise,mixed_compact_midrise,TFGSeventyFourthTry74,3_experts,1,band4555_allcity_nlos,nlos_only,pred_nlos,90792,67080,1460,1367,1335,1337,1316,1059,797,672,626,635,427,426,422,361,333,368,430,472,507,566,777,818,746,952,599,355,360,392,306,344,328,326,320,196,205,210,254,231,309,159,118,76,51,45,27,29,30,32,17,29,28,24,27,17,31,24,4,0,0,0,0,0,0,0,0,0,0,0,0,0,0,0,0,0,0,0,0,0,0,0,0,0,0,0,0,0,0,0,0,0,0,0,0,0,0,0,0,0,0,0,0,0,0,0,0,0,0,0,0,0,0,0,0,0,0,0,0,0,0,0,0,0,0,0,0,0,0,0,0,0,0,0,0,0,0,0,0,0,0
Chiang Mai,sample_04442,119.609,mixed_midrise,mixed_midrise,mixed_compact_midrise,TFGSeventyFourthTry74,3_experts,1,band4555_allcity_nlos,nlos_only,pred_nlos,54667,39686,546,565,533,614,666,741,639,596,643,564,415,414,373,371,282,279,270,281,286,271,285,347,273,255,240,221,250,281,272,206,226,284,314,291,382,274,177,98,78,80,66,97,123,79,77,61,30,33,37,39,27,18,25,21,24,27,14,0,0,0,0,0,0,0,0,0,0,0,0,0,0,0,0,0,0,0,0,0,0,0,0,0,0,0,0,0,0,0,0,0,0,0,0,0,0,0,0,0,0,0,0,0,0,0,0,0,0,0,0,0,0,0,0,0,0,0,0,0,0,0,0,0,0,0,0,0,0,0,0,0,0,0,0,0,0,0,0,0,0
Chiang Mai,sample_04443,157.968,mixed_midrise,mixed_midrise,mixed_compact_midrise,TFGSeventyFourthTry74,3_experts,1,band4555_allcity_nlos,nlos_only,pred_nlos,48058,36377,523,524,482,495,484,471,477,532,491,492,401,382,357,292,259,250,224,254,216,222,214,240,204,257,268,196,217,204,230,164,166,144,124,151,172,161,114,62,58,58,51,39,28,21,24,48,22,19,35,31,19,25,14,21,17,24,11,0,0,0,0,0,0,0,0,0,0,0,0,0,0,0,0,0,0,0,0,0,0,0,0,0,0,0,0,0,0,0,0,0,0,0,0,0,0,0,0,0,0,0,0,0,0,0,0,0,0,0,0,0,0,0,0,0,0,0,0,0,0,0,0,0,0,0,0,0,0,0,0,0,0,0,0,0,0,0,0,0,0
Chiang Mai,sample_04444,292.544,mixed_midrise,mixed_midrise,mixed_compact_midrise,TFGSeventyFourthTry74,3_experts,1,band4555_allcity_nlos,nlos_only,pred_nlos,35412,26357,453,430,458,471,514,479,458,400,349,376,323,327,300,235,221,219,210,161,185,174,176,155,164,152,143,124,132,121,121,98,80,66,63,45,52,53,46,38,37,39,25,35,35,22,29,24,31,24,31,22,18,16,23,23,20,20,9,0,0,0,0,0,0,0,0,0,0,0,0,0,0,0,0,0,0,0,0,0,0,0,0,0,0,0,0,0,0,0,0,0,0,0,0,0,0,0,0,0,0,0,0,0,0,0,0,0,0,0,0,0,0,0,0,0,0,0,0,0,0,0,0,0,0,0,0,0,0,0,0,0,0,0,0,0,0,0,0,0,0
Chiang Mai,sample_04445,275.710,mixed_midrise,mixed_midrise,mixed_compact_midrise,TFGSeventyFourthTry74,3_experts,1,band4555_allcity_nlos,nlos_only,pred_nlos,36592,27761,479,471,462,451,452,434,442,372,345,347,317,313,293,232,237,227,196,190,175,165,174,150,180,150,145,115,141,147,145,87,61,65,53,44,42,47,41,25,26,27,37,26,22,23,20,31,21,16,18,26,12,19,21,22,19,24,9,0,0,0,0,0,0,0,0,0,0,0,0,0,0,0,0,0,0,0,0,0,0,0,0,0,0,0,0,0,0,0,0,0,0,0,0,0,0,0,0,0,0,0,0,0,0,0,0,0,0,0,0,0,0,0,0,0,0,0,0,0,0,0,0,0,0,0,0,0,0,0,0,0,0,0,0,0,0,0,0,0,0
Chiang Mai,sample_04446,24.806,mixed_midrise,mixed_midrise,dense_block_midrise,TFGSeventyFourthTry74,3_experts,1,band4555_allcity_nlos,nlos_only,pred_nlos,170187,148477,749,694,669,838,775,719,840,1026,817,1044,1208,905,820,831,725,744,805,755,677,735,750,649,545,383,347,264,269,217,197,161,172,160,141,114,128,121,151,98,113,94,49,57,43,29,23,16,11,11,11,10,0,0,0,0,0,0,0,0,0,0,0,0,0,0,0,0,0,0,0,0,0,0,0,0,0,0,0,0,0,0,0,0,0,0,0,0,0,0,0,0,0,0,0,0,0,0,0,0,0,0,0,0,0,0,0,0,0,0,0,0,0,0,0,0,0,0,0,0,0,0,0,0,0,0,0,0,0,0,0,0,0,0,0,0,0,0,0,0,0
Chiang Mai,sample_04447,311.638,mixed_midrise,mixed_midrise,dense_block_midrise,TFGSeventyFourthTry74,3_experts,1,band4555_allcity_nlos,nlos_only,pred_nlos,59169,36556,821,769,845,834,807,783,720,721,643,670,620,558,578,554,542,507,474,489,405,425,421,381,363,405,376,418,373,409,380,385,426,420,409,350,307,273,307,228,209,187,194,207,183,188,200,203,163,173,172,160,128,104,116,109,108,75,102,105,68,34,12,7,6,4,0,0,0,0,0,0,0,0,0,0,0,0,0,0,0,0,0,0,0,0,0,0,0,0,0,0,0,0,0,0,0,0,0,0,0,0,0,0,0,0,0,0,0,0,0,0,0,0,0,0,0,0,0,0,0,0,0,0,0,0,0,0,0,0,0,0,0,0,0,0,0,0,0,0,0
Chiang Mai,sample_04448,85.318,mixed_midrise,mixed_midrise,dense_block_midrise,TFGSeventyFourthTry74,3_experts,1,band4555_allcity_nlos,nlos_only,pred_nlos,115182,78815,1803,1796,1950,1860,1751,1757,1543,1505,1397,1294,1196,1246,1175,1110,1071,1002,841,834,747,645,649,564,574,571,499,385,429,349,387,371,363,362,323,257,266,232,196,191,200,151,129,124,143,140,169,168,187,237,197,175,165,139,132,108,120,77,48,31,20,12,2,2,0,0,0,0,0,0,0,0,0,0,0,0,0,0,0,0,0,0,0,0,0,0,0,0,0,0,0,0,0,0,0,0,0,0,0,0,0,0,0,0,0,0,0,0,0,0,0,0,0,0,0,0,0,0,0,0,0,0,0,0,0,0,0,0,0,0,0,0,0,0,0,0,0,0,0,0,0
Chiang Mai,sample_04449,198.965,mixed_midrise,mixed_midrise,dense_block_midrise,TFGSeventyFourthTry74,3_experts,1,band4555_allcity_nlos,nlos_only,pred_nlos,78618,48516,1067,1014,953,1007,988,1051,1071,1136,1133,1077,959,964,943,805,764,787,740,748,694,745,786,870,969,837,741,641,595,497,448,384,402,325,281,257,325,343,277,217,213,201,185,180,139,132,128,118,99,120,122,107,101,87,58,55,41,31,34,34,44,24,8,0,0,0,0,0,0,0,0,0,0,0,0,0,0,0,0,0,0,0,0,0,0,0,0,0,0,0,0,0,0,0,0,0,0,0,0,0,0,0,0,0,0,0,0,0,0,0,0,0,0,0,0,0,0,0,0,0,0,0,0,0,0,0,0,0,0,0,0,0,0,0,0,0,0,0,0,0,0
Chiang Mai,sample_04450,62.864,mixed_midrise,mixed_midrise,dense_block_midrise,TFGSeventyFourthTry74,3_experts,1,band4555_allcity_nlos,nlos_only,pred_nlos,129445,92907,1964,1932,1639,1433,1321,1258,1203,1320,1214,1356,1244,1534,1359,1109,1044,1175,928,827,771,770,821,712,592,571,487,434,442,452,415,379,413,418,354,322,347,345,349,312,283,257,283,249,259,270,233,185,153,143,111,100,104,99,83,35,26,21,28,21,17,12,0,0,0,0,0,0,0,0,0,0,0,0,0,0,0,0,0,0,0,0,0,0,0,0,0,0,0,0,0,0,0,0,0,0,0,0,0,0,0,0,0,0,0,0,0,0,0,0,0,0,0,0,0,0,0,0,0,0,0,0,0,0,0,0,0,0,0,0,0,0,0,0,0,0,0,0,0,0,0
Chiang Mai,sample_04451,116.500,open_lowrise,open_lowrise,mixed_compact_midrise,TFGSeventyFourthTry74,3_experts,1,band4555_allcity_nlos,nlos_only,pred_nlos,66922,41730,996,958,1007,1093,1194,1409,1462,1548,1638,1612,1455,1381,1383,1148,865,794,553,479,392,391,392,336,315,274,206,195,187,179,171,153,117,135,95,75,49,44,41,38,35,28,31,35,24,33,28,21,25,24,25,17,20,20,17,21,14,10,2,1,0,1,0,0,0,0,0,0,0,0,0,0,0,0,0,0,0,0,0,0,0,0,0,0,0,0,0,0,0,0,0,0,0,0,0,0,0,0,0,0,0,0,0,0,0,0,0,0,0,0,0,0,0,0,0,0,0,0,0,0,0,0,0,0,0,0,0,0,0,0,0,0,0,0,0,0,0,0,0,0,0
Chiang Mai,sample_04452,126.952,open_lowrise,open_lowrise,mixed_compact_midrise,TFGSeventyFourthTry74,3_experts,1,band4555_allcity_nlos,nlos_only,pred_nlos,64283,41299,897,949,953,966,1054,1198,1308,1435,1418,1529,1376,1326,1189,907,691,609,581,469,346,355,395,365,296,287,225,159,159,143,150,130,103,86,94,62,63,49,44,53,43,47,49,42,38,47,41,29,35,24,22,22,17,14,9,15,16,19,15,6,2,8,1,1,0,2,1,0,0,0,0,0,0,0,0,0,0,0,0,0,0,0,0,0,0,0,0,0,0,0,0,0,0,0,0,0,0,0,0,0,0,0,0,0,0,0,0,0,0,0,0,0,0,0,0,0,0,0,0,0,0,0,0,0,0,0,0,0,0,0,0,0,0,0,0,0,0,0,0,0,0
Chiang Mai,sample_04453,61.864,open_lowrise,open_lowrise,mixed_compact_midrise,TFGSeventyFourthTry74,3_experts,1,band4555_allcity_nlos,nlos_only,pred_nlos,94971,69002,3181,3219,2373,1893,1959,1887,1748,1773,1223,1034,806,719,653,601,386,234,208,196,139,146,117,126,116,116,80,91,86,112,91,49,58,54,51,45,33,38,30,31,29,26,24,19,24,10,14,10,9,12,11,13,8,11,5,11,7,11,10,3,0,0,0,0,0,0,0,0,0,0,0,0,0,0,0,0,0,0,0,0,0,0,0,0,0,0,0,0,0,0,0,0,0,0,0,0,0,0,0,0,0,0,0,0,0,0,0,0,0,0,0,0,0,0,0,0,0,0,0,0,0,0,0,0,0,0,0,0,0,0,0,0,0,0,0,0,0,0,0,0,0
Chiang Mai,sample_04454,233.185,open_lowrise,open_lowrise,mixed_compact_midrise,TFGSeventyFourthTry74,3_experts,1,band4555_allcity_nlos,nlos_only,pred_nlos,50743,35817,795,852,825,903,910,929,891,797,695,765,699,712,599,438,318,295,297,275,202,143,133,80,80,89,78,91,70,90,59,75,64,58,71,40,85,76,87,71,50,53,39,39,39,27,32,38,36,27,43,38,33,42,46,39,41,75,74,90,68,84,57,39,17,8,3,5,2,2,2,0,1,0,0,0,0,0,0,0,0,0,0,0,0,0,0,0,0,0,0,0,0,0,0,0,0,0,0,0,0,0,0,0,0,0,0,0,0,0,0,0,0,0,0,0,0,0,0,0,0,0,0,0,0,0,0,0,0,0,0,0,0,0,0,0,0,0,0,0,0
Chiang Mai,sample_04455,45.145,open_lowrise,open_lowrise,mixed_compact_midrise,TFGSeventyFourthTry74,3_experts,1,band4555_allcity_nlos,nlos_only,pred_nlos,116814,96224,2020,2080,2026,1751,1536,1219,1076,972,777,790,737,676,643,564,536,457,468,277,181,147,157,157,125,126,87,84,88,90,66,58,61,56,44,32,27,21,16,21,19,26,18,17,27,21,17,12,6,14,13,15,17,12,7,10,15,8,14,22,14,11,4,2,0,0,0,0,0,0,0,0,0,0,0,0,0,0,0,0,0,0,0,0,0,0,0,0,0,0,0,0,0,0,0,0,0,0,0,0,0,0,0,0,0,0,0,0,0,0,0,0,0,0,0,0,0,0,0,0,0,0,0,0,0,0,0,0,0,0,0,0,0,0,0,0,0,0,0,0,0
Chiang Mai,sample_04456,243.347,mixed_midrise,mixed_midrise,mixed_compact_midrise,TFGSeventyFourthTry74,3_experts,1,band4555_allcity_nlos,nlos_only,pred_nlos,47919,31576,803,778,848,783,686,752,722,679,580,568,423,427,437,396,364,344,316,329,296,287,240,215,219,204,194,189,205,205,190,208,210,143,135,136,146,147,154,140,152,147,153,140,111,105,127,122,154,152,132,126,125,124,102,78,37,51,32,33,32,6,2,0,1,1,0,0,0,0,0,0,0,0,0,0,0,0,0,0,0,0,0,0,0,0,0,0,0,0,0,0,0,0,0,0,0,0,0,0,0,0,0,0,0,0,0,0,0,0,0,0,0,0,0,0,0,0,0,0,0,0,0,0,0,0,0,0,0,0,0,0,0,0,0,0,0,0,0,0,0
Chiang Mai,sample_04457,43.830,mixed_midrise,mixed_midrise,mixed_compact_midrise,TFGSeventyFourthTry74,3_experts,1,band4555_allcity_nlos,nlos_only,pred_nlos,120943,77094,1038,1104,1182,1388,1339,1345,1462,1606,1793,1852,1730,1807,2054,1839,1983,1667,1414,1482,1160,1104,1005,1021,1042,1115,1470,999,586,598,622,621,667,782,541,402,377,334,321,137,94,77,74,61,63,70,71,47,38,36,29,31,34,35,38,29,20,13,0,0,0,0,0,0,0,0,0,0,0,0,0,0,0,0,0,0,0,0,0,0,0,0,0,0,0,0,0,0,0,0,0,0,0,0,0,0,0,0,0,0,0,0,0,0,0,0,0,0,0,0,0,0,0,0,0,0,0,0,0,0,0,0,0,0,0,0,0,0,0,0,0,0,0,0,0,0,0,0,0,0,0
Chiang Mai,sample_04458,78.436,mixed_midrise,mixed_midrise,mixed_compact_midrise,TFGSeventyFourthTry74,3_experts,1,band4555_allcity_nlos,nlos_only,pred_nlos,92530,67495,1031,889,909,1015,990,1058,1070,1178,1078,1115,952,870,998,966,886,960,947,878,722,686,513,440,400,355,231,221,202,212,162,152,165,123,143,122,108,119,87,92,94,102,103,107,120,95,116,90,92,107,82,83,75,92,87,97,95,125,105,79,29,15,0,0,0,0,0,0,0,0,0,0,0,0,0,0,0,0,0,0,0,0,0,0,0,0,0,0,0,0,0,0,0,0,0,0,0,0,0,0,0,0,0,0,0,0,0,0,0,0,0,0,0,0,0,0,0,0,0,0,0,0,0,0,0,0,0,0,0,0,0,0,0,0,0,0,0,0,0,0,0
Chiang Mai,sample_04459,44.082,mixed_midrise,mixed_midrise,mixed_compact_midrise,TFGSeventyFourthTry74,3_experts,1,band4555_allcity_nlos,nlos_only,pred_nlos,120516,76990,1055,1094,1187,1374,1368,1309,1422,1627,1787,1863,1756,1808,1998,1846,1974,1687,1398,1460,1136,1104,990,1056,1042,1180,1432,978,582,581,619,629,698,711,514,391,382,356,212,110,76,63,63,65,66,67,72,41,38,32,28,29,35,36,37,29,20,13,0,0,0,0,0,0,0,0,0,0,0,0,0,0,0,0,0,0,0,0,0,0,0,0,0,0,0,0,0,0,0,0,0,0,0,0,0,0,0,0,0,0,0,0,0,0,0,0,0,0,0,0,0,0,0,0,0,0,0,0,0,0,0,0,0,0,0,0,0,0,0,0,0,0,0,0,0,0,0,0,0,0,0
Chiang Mai,sample_04460,18.916,mixed_midrise,mixed_midrise,mixed_compact_midrise,TFGSeventyFourthTry74,3_experts,1,band4555_allcity_nlos,nlos_only,pred_nlos,152300,103095,1535,1664,1579,1539,1591,1666,1488,1889,1957,2111,1940,1755,2126,2067,1938,1770,1605,2215,1860,1543,1562,1409,942,873,824,752,737,810,743,604,572,480,440,451,492,375,195,137,141,134,123,105,47,45,63,39,48,40,46,45,33,27,18,10,5,0,0,0,0,0,0,0,0,0,0,0,0,0,0,0,0,0,0,0,0,0,0,0,0,0,0,0,0,0,0,0,0,0,0,0,0,0,0,0,0,0,0,0,0,0,0,0,0,0,0,0,0,0,0,0,0,0,0,0,0,0,0,0,0,0,0,0,0,0,0,0,0,0,0,0,0,0,0,0,0,0,0,0,0
Chiang Mai,sample_04461,30.380,open_lowrise,open_lowrise,mixed_compact_midrise,TFGSeventyFourthTry74,3_experts,1,band4555_allcity_nlos,nlos_only,pred_nlos,59977,55495,241,232,209,207,190,196,149,161,160,150,149,146,144,139,122,123,79,93,94,77,84,74,52,63,56,44,58,42,48,50,37,43,43,39,44,37,48,54,42,41,45,50,42,40,28,13,11,9,10,13,7,19,21,7,8,18,18,14,6,18,13,11,1,0,0,0,0,0,0,0,0,0,0,0,0,0,0,0,0,0,0,0,0,0,0,0,0,0,0,0,0,0,0,0,0,0,0,0,0,0,0,0,0,0,0,0,0,0,0,0,0,0,0,0,0,0,0,0,0,0,0,0,0,0,0,0,0,0,0,0,0,0,0,0,0,0,0,0,0
Chiang Mai,sample_04462,135.088,open_lowrise,open_lowrise,mixed_compact_midrise,TFGSeventyFourthTry74,3_experts,1,band4555_allcity_nlos,nlos_only,pred_nlos,33030,29549,153,153,142,115,132,115,98,96,67,75,79,70,70,77,67,80,70,68,61,54,59,56,54,46,36,32,39,33,45,38,56,37,35,44,37,39,30,39,39,39,33,29,38,41,43,54,46,60,54,46,45,44,46,53,35,31,20,31,21,16,9,8,1,2,0,0,0,0,0,0,0,0,0,0,0,0,0,0,0,0,0,0,0,0,0,0,0,0,0,0,0,0,0,0,0,0,0,0,0,0,0,0,0,0,0,0,0,0,0,0,0,0,0,0,0,0,0,0,0,0,0,0,0,0,0,0,0,0,0,0,0,0,0,0,0,0,0,0,0
Chiang Mai,sample_04463,79.503,open_lowrise,open_lowrise,mixed_compact_midrise,TFGSeventyFourthTry74,3_experts,1,band4555_allcity_nlos,nlos_only,pred_nlos,42611,38454,185,166,160,186,163,162,129,119,126,121,112,107,109,113,94,83,76,88,68,78,66,57,49,59,56,60,70,60,59,55,50,53,58,40,49,45,46,48,40,41,41,50,46,40,60,59,47,41,46,55,29,29,31,11,6,5,7,6,11,9,10,8,4,0,0,0,0,0,0,0,0,0,0,0,0,0,0,0,0,0,0,0,0,0,0,0,0,0,0,0,0,0,0,0,0,0,0,0,0,0,0,0,0,0,0,0,0,0,0,0,0,0,0,0,0,0,0,0,0,0,0,0,0,0,0,0,0,0,0,0,0,0,0,0,0,0,0,0,0
Chiang Mai,sample_04464,51.347,open_lowrise,open_lowrise,mixed_compact_midrise,TFGSeventyFourthTry74,3_experts,1,band4555_allcity_nlos,nlos_only,pred_nlos,51646,46154,323,299,281,256,257,214,222,202,209,222,183,177,153,162,152,151,147,130,111,110,76,65,70,58,55,59,55,60,49,53,42,46,42,47,38,36,40,42,50,41,42,32,30,24,21,12,22,20,19,22,14,20,27,22,24,37,24,22,16,13,17,12,12,0,3,0,0,0,0,0,0,0,0,0,0,0,0,0,0,0,0,0,0,0,0,0,0,0,0,0,0,0,0,0,0,0,0,0,0,0,0,0,0,0,0,0,0,0,0,0,0,0,0,0,0,0,0,0,0,0,0,0,0,0,0,0,0,0,0,0,0,0,0,0,0,0,0,0,0
Chiang Mai,sample_04465,61.144,open_lowrise,open_lowrise,mixed_compact_midrise,TFGSeventyFourthTry74,3_experts,1,band4555_allcity_nlos,nlos_only,pred_nlos,47954,43159,294,307,259,260,230,183,186,164,155,186,163,156,136,153,118,128,114,102,109,101,74,68,61,46,60,39,44,47,42,41,44,38,40,48,40,42,31,46,38,38,41,50,41,28,32,14,15,10,15,12,5,10,6,5,3,10,8,11,13,11,10,9,5,0,0,0,0,0,0,0,0,0,0,0,0,0,0,0,0,0,0,0,0,0,0,0,0,0,0,0,0,0,0,0,0,0,0,0,0,0,0,0,0,0,0,0,0,0,0,0,0,0,0,0,0,0,0,0,0,0,0,0,0,0,0,0,0,0,0,0,0,0,0,0,0,0,0,0,0
Chiang Mai,sample_04466,289.305,mixed_midrise,mixed_midrise,dense_block_midrise,TFGSeventyFourthTry74,3_experts,1,band4555_allcity_nlos,nlos_only,pred_nlos,56616,33391,913,843,792,823,745,698,769,714,744,756,674,775,740,702,648,770,745,762,674,688,610,569,515,432,407,344,309,294,255,240,271,242,238,235,233,239,221,201,202,193,209,237,187,175,169,149,135,80,74,72,58,74,72,65,57,53,73,44,12,5,0,0,0,0,0,0,0,0,0,0,0,0,0,0,0,0,0,0,0,0,0,0,0,0,0,0,0,0,0,0,0,0,0,0,0,0,0,0,0,0,0,0,0,0,0,0,0,0,0,0,0,0,0,0,0,0,0,0,0,0,0,0,0,0,0,0,0,0,0,0,0,0,0,0,0,0,0,0,0
Chiang Mai,sample_04467,101.937,mixed_midrise,mixed_midrise,dense_block_midrise,TFGSeventyFourthTry74,3_experts,1,band4555_allcity_nlos,nlos_only,pred_nlos,104587,70827,1270,1314,1404,1400,1364,1285,1354,1469,1321,1170,1019,919,889,785,667,722,707,684,667,704,701,698,691,785,759,759,630,551,570,531,522,338,319,298,307,286,291,269,312,238,208,171,168,178,151,130,134,161,171,198,181,155,180,123,108,134,74,71,59,18,12,3,0,1,2,0,0,0,0,0,0,0,0,0,0,0,0,0,0,0,0,0,0,0,0,0,0,0,0,0,0,0,0,0,0,0,0,0,0,0,0,0,0,0,0,0,0,0,0,0,0,0,0,0,0,0,0,0,0,0,0,0,0,0,0,0,0,0,0,0,0,0,0,0,0,0,0,0,0
Chiang Mai,sample_04468,50.343,mixed_midrise,mixed_midrise,dense_block_midrise,TFGSeventyFourthTry74,3_experts,1,band4555_allcity_nlos,nlos_only,pred_nlos,143227,116220,1032,1060,1006,972,934,819,765,824,694,728,635,655,682,684,602,728,739,793,846,868,1083,999,845,798,703,650,662,588,501,431,405,316,239,202,191,206,205,157,131,142,152,139,165,140,107,107,97,95,80,76,70,65,76,30,30,26,17,6,3,4,2,0,0,0,0,0,0,0,0,0,0,0,0,0,0,0,0,0,0,0,0,0,0,0,0,0,0,0,0,0,0,0,0,0,0,0,0,0,0,0,0,0,0,0,0,0,0,0,0,0,0,0,0,0,0,0,0,0,0,0,0,0,0,0,0,0,0,0,0,0,0,0,0,0,0,0,0,0,0
Chiang Mai,sample_04469,44.930,mixed_midrise,mixed_midrise,dense_block_midrise,TFGSeventyFourthTry74,3_experts,1,band4555_allcity_nlos,nlos_only,pred_nlos,148844,121108,1097,1081,1145,1066,992,938,965,1039,876,911,804,783,760,778,900,993,1027,1014,929,885,907,900,823,843,808,578,480,366,314,232,209,208,198,167,162,163,193,167,154,109,108,86,99,82,68,63,48,55,40,46,33,19,13,9,3,0,0,0,0,0,0,0,0,0,0,0,0,0,0,0,0,0,0,0,0,0,0,0,0,0,0,0,0,0,0,0,0,0,0,0,0,0,0,0,0,0,0,0,0,0,0,0,0,0,0,0,0,0,0,0,0,0,0,0,0,0,0,0,0,0,0,0,0,0,0,0,0,0,0,0,0,0,0,0,0,0,0,0,0
Chiang Mai,sample_04470,54.465,mixed_midrise,mixed_midrise,dense_block_midrise,TFGSeventyFourthTry74,3_experts,1,band4555_allcity_nlos,nlos_only,pred_nlos,139366,111333,1275,1222,1135,1035,954,860,760,810,740,739,761,797,838,778,747,841,805,873,1061,955,844,819,744,718,661,643,685,644,616,407,360,328,254,226,210,229,189,164,138,147,136,164,114,109,110,79,61,61,45,31,21,37,29,18,5,1,0,0,0,0,0,0,0,0,0,0,0,0,0,0,0,0,0,0,0,0,0,0,0,0,0,0,0,0,0,0,0,0,0,0,0,0,0,0,0,0,0,0,0,0,0,0,0,0,0,0,0,0,0,0,0,0,0,0,0,0,0,0,0,0,0,0,0,0,0,0,0,0,0,0,0,0,0,0,0,0,0,0,0
Chiang Mai,sample_04471,51.970,open_lowrise,open_lowrise,mixed_compact_midrise,TFGSeventyFourthTry74,3_experts,1,band4555_allcity_nlos,nlos_only,pred_nlos,45747,22972,526,575,529,518,579,607,650,710,665,691,674,632,571,606,632,786,925,1129,1064,956,844,625,535,432,387,395,367,310,180,153,158,153,153,145,166,130,116,104,123,118,127,96,102,109,121,133,123,169,213,229,251,166,149,118,108,124,126,125,92,113,149,155,58,0,0,0,0,0,0,0,0,0,0,0,0,0,0,0,0,0,0,0,0,0,0,0,0,0,0,0,0,0,0,0,0,0,0,0,0,0,0,0,0,0,0,0,0,0,0,0,0,0,0,0,0,0,0,0,0,0,0,0,0,0,0,0,0,0,0,0,0,0,0,0,0,0,0,0,0
Chiang Mai,sample_04472,194.618,open_lowrise,open_lowrise,mixed_compact_midrise,TFGSeventyFourthTry74,3_experts,1,band4555_allcity_nlos,nlos_only,pred_nlos,24339,19779,232,200,205,233,232,208,216,218,222,176,148,172,139,126,114,74,78,82,47,63,61,56,64,78,73,76,73,55,63,47,35,44,41,50,38,31,36,18,23,35,27,15,19,25,27,28,24,20,31,27,23,27,23,22,23,8,6,2,0,0,1,0,0,0,0,0,0,0,0,0,0,0,0,0,0,0,0,0,0,0,0,0,0,0,0,0,0,0,0,0,0,0,0,0,0,0,0,0,0,0,0,0,0,0,0,0,0,0,0,0,0,0,0,0,0,0,0,0,0,0,0,0,0,0,0,0,0,0,0,0,0,0,0,0,0,0,0,0,0
Chiang Mai,sample_04473,63.151,open_lowrise,open_lowrise,mixed_compact_midrise,TFGSeventyFourthTry74,3_experts,1,band4555_allcity_nlos,nlos_only,pred_nlos,39808,23238,407,454,432,537,499,533,460,424,477,487,486,542,528,580,711,773,812,704,567,531,530,434,384,328,230,309,185,179,158,168,153,157,150,151,145,136,122,126,121,105,103,99,101,123,130,165,133,86,64,49,42,54,57,40,26,28,21,18,3,7,3,1,2,0,0,0,0,0,0,0,0,0,0,0,0,0,0,0,0,0,0,0,0,0,0,0,0,0,0,0,0,0,0,0,0,0,0,0,0,0,0,0,0,0,0,0,0,0,0,0,0,0,0,0,0,0,0,0,0,0,0,0,0,0,0,0,0,0,0,0,0,0,0,0,0,0,0,0,0
Chiang Mai,sample_04474,23.369,open_lowrise,open_lowrise,mixed_compact_midrise,TFGSeventyFourthTry74,3_experts,1,band4555_allcity_nlos,nlos_only,pred_nlos,98735,39991,1609,1866,1888,2150,3269,3601,2869,3787,3568,3042,2227,2463,2776,2772,2474,1708,1301,1267,1115,935,851,748,626,601,662,602,541,497,437,384,334,349,403,379,375,345,343,306,327,324,305,346,313,351,389,219,205,93,77,54,22,28,21,16,14,16,9,15,12,21,29,23,32,13,0,0,0,0,0,0,0,0,0,0,0,0,0,0,0,0,0,0,0,0,0,0,0,0,0,0,0,0,0,0,0,0,0,0,0,0,0,0,0,0,0,0,0,0,0,0,0,0,0,0,0,0,0,0,0,0,0,0,0,0,0,0,0,0,0,0,0,0,0,0,0,0,0,0,0
Chiang Mai,sample_04475,45.785,open_lowrise,open_lowrise,mixed_compact_midrise,TFGSeventyFourthTry74,3_experts,1,band4555_allcity_nlos,nlos_only,pred_nlos,51332,22943,437,534,564,612,534,610,619,749,668,756,705,722,865,742,801,875,1023,1161,1305,1319,1053,866,693,587,471,461,404,328,315,270,177,173,205,185,182,171,164,137,149,132,148,147,148,122,124,134,147,179,256,392,428,310,242,177,169,154,142,143,132,149,169,178,208,238,265,412,344,3,3,2,0,0,0,0,0,0,0,0,0,0,0,0,0,0,0,0,0,0,0,0,0,0,0,0,0,0,0,0,0,0,0,0,0,0,0,0,0,0,0,0,0,0,0,0,0,0,0,0,0,0,0,0,0,0,0,0,0,0,0,0,0,0,0,0,0,0,0,0,0
