scope,city_type_6,metric,kind,family,kl,tvd,best,mean,std,skew,excess_kurt
overall,(all),angular_spread,pred_angular_spread,gmm4,0.082000,0.134600,1,6.577,9.801,2.377,6.055
overall,(all),angular_spread,pred_angular_spread,gmm5,0.082000,0.134600,0,6.577,9.801,2.377,6.055
overall,(all),angular_spread,pred_angular_spread,gmm3,0.102300,0.172800,0,6.577,9.801,2.377,6.055
overall,(all),angular_spread,pred_angular_spread,gmm2,0.208900,0.252100,0,6.577,9.801,2.377,6.055
overall,(all),angular_spread,pred_angular_spread,lognormal,0.728000,0.458000,0,6.577,9.801,2.377,6.055
overall,(all),angular_spread,pred_angular_spread,gamma,0.804000,0.481400,0,6.577,9.801,2.377,6.055
overall,(all),angular_spread,pred_angular_spread,laplace,0.906700,0.509600,0,6.577,9.801,2.377,6.055
overall,(all),angular_spread,pred_angular_spread,skew_normal,0.953400,0.516700,0,6.577,9.801,2.377,6.055
overall,(all),angular_spread,pred_angular_spread,weibull,0.978500,0.518700,0,6.577,9.801,2.377,6.055
overall,(all),angular_spread,pred_angular_spread,gaussian,0.988000,0.522200,0,6.577,9.801,2.377,6.055
overall,(all),angular_spread,pred_angular_spread,spike_plus_exp,1.447200,0.627900,0,6.577,9.801,2.377,6.055
overall,(all),angular_spread,target_angular_spread,spike_plus_exp,0.652300,0.483000,1,6.564,15.652,2.867,8.931
overall,(all),angular_spread,target_angular_spread,gmm4,0.792000,0.536600,0,6.564,15.652,2.867,8.931
overall,(all),angular_spread,target_angular_spread,gmm5,0.792000,0.536600,0,6.564,15.652,2.867,8.931
overall,(all),angular_spread,target_angular_spread,gmm2,0.792000,0.536600,0,6.564,15.652,2.867,8.931
overall,(all),angular_spread,target_angular_spread,gmm3,0.792000,0.536600,0,6.564,15.652,2.867,8.931
overall,(all),angular_spread,target_angular_spread,weibull,1.005700,0.634500,0,6.564,15.652,2.867,8.931
overall,(all),angular_spread,target_angular_spread,lognormal,1.125600,0.676700,0,6.564,15.652,2.867,8.931
overall,(all),angular_spread,target_angular_spread,gamma,1.147100,0.665600,0,6.564,15.652,2.867,8.931
overall,(all),angular_spread,target_angular_spread,laplace,2.914700,0.867500,0,6.564,15.652,2.867,8.931
overall,(all),angular_spread,target_angular_spread,skew_normal,3.021600,0.868400,0,6.564,15.652,2.867,8.931
overall,(all),angular_spread,target_angular_spread,gaussian,3.061000,0.871400,0,6.564,15.652,2.867,8.931
overall,(all),delay_spread,pred_delay_spread,gmm5,0.029900,0.096200,1,8.445,9.471,2.671,7.558
overall,(all),delay_spread,pred_delay_spread,gmm4,0.033100,0.105100,0,8.445,9.471,2.671,7.558
overall,(all),delay_spread,pred_delay_spread,gmm3,0.033100,0.105100,0,8.445,9.471,2.671,7.558
overall,(all),delay_spread,pred_delay_spread,gmm2,0.114300,0.159400,0,8.445,9.471,2.671,7.558
overall,(all),delay_spread,pred_delay_spread,lognormal,0.192200,0.259900,0,8.445,9.471,2.671,7.558
overall,(all),delay_spread,pred_delay_spread,spike_plus_exp,0.198600,0.263600,0,8.445,9.471,2.671,7.558
overall,(all),delay_spread,pred_delay_spread,weibull,0.324300,0.340800,0,8.445,9.471,2.671,7.558
overall,(all),delay_spread,pred_delay_spread,gamma,0.329100,0.344200,0,8.445,9.471,2.671,7.558
overall,(all),delay_spread,pred_delay_spread,laplace,0.714000,0.506100,0,8.445,9.471,2.671,7.558
overall,(all),delay_spread,pred_delay_spread,skew_normal,0.810400,0.507800,0,8.445,9.471,2.671,7.558
overall,(all),delay_spread,pred_delay_spread,gaussian,0.849600,0.514000,0,8.445,9.471,2.671,7.558
overall,(all),delay_spread,target_delay_spread,gmm5,0.118800,0.166400,1,10.366,27.735,5.47,39.762
overall,(all),delay_spread,target_delay_spread,gmm4,0.150800,0.182700,0,10.366,27.735,5.47,39.762
overall,(all),delay_spread,target_delay_spread,gmm3,0.160500,0.181400,0,10.366,27.735,5.47,39.762
overall,(all),delay_spread,target_delay_spread,gmm2,0.183200,0.209200,0,10.366,27.735,5.47,39.762
overall,(all),delay_spread,target_delay_spread,lognormal,0.281600,0.319600,0,10.366,27.735,5.47,39.762
overall,(all),delay_spread,target_delay_spread,weibull,0.306000,0.323300,0,10.366,27.735,5.47,39.762
overall,(all),delay_spread,target_delay_spread,gamma,0.469500,0.442700,0,10.366,27.735,5.47,39.762
overall,(all),delay_spread,target_delay_spread,spike_plus_exp,0.601500,0.357100,0,10.366,27.735,5.47,39.762
overall,(all),delay_spread,target_delay_spread,laplace,1.987600,0.791700,0,10.366,27.735,5.47,39.762
overall,(all),delay_spread,target_delay_spread,skew_normal,2.287100,0.817700,0,10.366,27.735,5.47,39.762
overall,(all),delay_spread,target_delay_spread,gaussian,2.328700,0.820100,0,10.366,27.735,5.47,39.762
overall,(all),path_loss,pred_los,gmm5,0.003800,0.022300,1,96.382,3.81,-0.894,0.939
overall,(all),path_loss,pred_los,gmm4,0.004300,0.024100,0,96.382,3.81,-0.894,0.939
overall,(all),path_loss,pred_los,gmm3,0.004900,0.028600,0,96.382,3.81,-0.894,0.939
overall,(all),path_loss,pred_los,gmm2,0.007900,0.032900,0,96.382,3.81,-0.894,0.939
overall,(all),path_loss,pred_los,weibull,0.019500,0.064900,0,96.382,3.81,-0.894,0.939
overall,(all),path_loss,pred_los,skew_normal,0.064200,0.127100,0,96.382,3.81,-0.894,0.939
overall,(all),path_loss,pred_los,gaussian,0.075900,0.137400,0,96.382,3.81,-0.894,0.939
overall,(all),path_loss,pred_los,laplace,0.107300,0.185700,0,96.382,3.81,-0.894,0.939
overall,(all),path_loss,pred_los,gamma,0.140500,0.173200,0,96.382,3.81,-0.894,0.939
overall,(all),path_loss,pred_los,lognormal,0.186600,0.190100,0,96.382,3.81,-0.894,0.939
overall,(all),path_loss,pred_los,spike_plus_exp,1.471400,0.719500,0,96.382,3.81,-0.894,0.939
overall,(all),path_loss,pred_nlos,gmm5,0.008300,0.024500,1,36.538,22.385,0.938,0.358
overall,(all),path_loss,pred_nlos,gmm4,0.009700,0.026800,0,36.538,22.385,0.938,0.358
overall,(all),path_loss,pred_nlos,gmm3,0.013000,0.039800,0,36.538,22.385,0.938,0.358
overall,(all),path_loss,pred_nlos,gmm2,0.024900,0.063100,0,36.538,22.385,0.938,0.358
overall,(all),path_loss,pred_nlos,gamma,0.026900,0.053600,0,36.538,22.385,0.938,0.358
overall,(all),path_loss,pred_nlos,weibull,0.028300,0.085800,0,36.538,22.385,0.938,0.358
overall,(all),path_loss,pred_nlos,skew_normal,0.126200,0.183400,0,36.538,22.385,0.938,0.358
overall,(all),path_loss,pred_nlos,gaussian,0.139100,0.193600,0,36.538,22.385,0.938,0.358
overall,(all),path_loss,pred_nlos,lognormal,0.146400,0.094200,0,36.538,22.385,0.938,0.358
overall,(all),path_loss,pred_nlos,spike_plus_exp,0.174300,0.222600,0,36.538,22.385,0.938,0.358
overall,(all),path_loss,pred_nlos,laplace,0.180200,0.235500,0,36.538,22.385,0.938,0.358
overall,(all),path_loss,target_los,gmm4,0.002800,0.011200,1,96.951,5.344,0.04,0.611
overall,(all),path_loss,target_los,gmm5,0.002800,0.011800,0,96.951,5.344,0.04,0.611
overall,(all),path_loss,target_los,gmm3,0.002900,0.012700,0,96.951,5.344,0.04,0.611
overall,(all),path_loss,target_los,gmm2,0.003900,0.023700,0,96.951,5.344,0.04,0.611
overall,(all),path_loss,target_los,skew_normal,0.010500,0.054400,0,96.951,5.344,0.04,0.611
overall,(all),path_loss,target_los,gaussian,0.010500,0.054500,0,96.951,5.344,0.04,0.611
overall,(all),path_loss,target_los,gamma,0.026000,0.060500,0,96.951,5.344,0.04,0.611
overall,(all),path_loss,target_los,laplace,0.028800,0.096500,0,96.951,5.344,0.04,0.611
overall,(all),path_loss,target_los,weibull,0.044400,0.088200,0,96.951,5.344,0.04,0.611
overall,(all),path_loss,target_los,lognormal,0.046800,0.069900,0,96.951,5.344,0.04,0.611
overall,(all),path_loss,target_los,spike_plus_exp,1.246200,0.668500,0,96.951,5.344,0.04,0.611
overall,(all),path_loss,target_nlos,gmm5,0.037400,0.042500,1,107.059,4.317,-0.076,2.248
overall,(all),path_loss,target_nlos,gmm4,0.037500,0.046000,0,107.059,4.317,-0.076,2.248
overall,(all),path_loss,target_nlos,gmm3,0.038700,0.054800,0,107.059,4.317,-0.076,2.248
overall,(all),path_loss,target_nlos,gmm2,0.040900,0.062000,0,107.059,4.317,-0.076,2.248
overall,(all),path_loss,target_nlos,laplace,0.054300,0.109900,0,107.059,4.317,-0.076,2.248
overall,(all),path_loss,target_nlos,skew_normal,0.073500,0.115800,0,107.059,4.317,-0.076,2.248
overall,(all),path_loss,target_nlos,gaussian,0.073800,0.116300,0,107.059,4.317,-0.076,2.248
overall,(all),path_loss,target_nlos,gamma,0.093100,0.133300,0,107.059,4.317,-0.076,2.248
overall,(all),path_loss,target_nlos,lognormal,0.110600,0.143400,0,107.059,4.317,-0.076,2.248
overall,(all),path_loss,target_nlos,weibull,0.119300,0.098500,0,107.059,4.317,-0.076,2.248
overall,(all),path_loss,target_nlos,spike_plus_exp,1.628900,0.751700,0,107.059,4.317,-0.076,2.248
by_class,dense_block_highrise,angular_spread,pred_angular_spread,gmm5,0.016100,0.069600,1,11.599,10.125,1.018,0.559
by_class,dense_block_highrise,angular_spread,pred_angular_spread,gmm4,0.036800,0.115300,0,11.599,10.125,1.018,0.559
by_class,dense_block_highrise,angular_spread,pred_angular_spread,gmm3,0.037100,0.115500,0,11.599,10.125,1.018,0.559
by_class,dense_block_highrise,angular_spread,pred_angular_spread,lognormal,0.147300,0.211200,0,11.599,10.125,1.018,0.559
by_class,dense_block_highrise,angular_spread,pred_angular_spread,gamma,0.163500,0.207300,0,11.599,10.125,1.018,0.559
by_class,dense_block_highrise,angular_spread,pred_angular_spread,gmm2,0.181600,0.204200,0,11.599,10.125,1.018,0.559
by_class,dense_block_highrise,angular_spread,pred_angular_spread,weibull,0.196300,0.219500,0,11.599,10.125,1.018,0.559
by_class,dense_block_highrise,angular_spread,pred_angular_spread,skew_normal,0.291600,0.264100,0,11.599,10.125,1.018,0.559
by_class,dense_block_highrise,angular_spread,pred_angular_spread,gaussian,0.306200,0.270200,0,11.599,10.125,1.018,0.559
by_class,dense_block_highrise,angular_spread,pred_angular_spread,spike_plus_exp,0.319800,0.265100,0,11.599,10.125,1.018,0.559
by_class,dense_block_highrise,angular_spread,pred_angular_spread,laplace,0.342600,0.268500,0,11.599,10.125,1.018,0.559
by_class,dense_block_highrise,angular_spread,target_angular_spread,gmm5,0.626600,0.438700,1,12.947,20.512,1.634,2.632
by_class,dense_block_highrise,angular_spread,target_angular_spread,spike_plus_exp,0.632400,0.479400,0,12.947,20.512,1.634,2.632
by_class,dense_block_highrise,angular_spread,target_angular_spread,gmm4,0.666000,0.476900,0,12.947,20.512,1.634,2.632
by_class,dense_block_highrise,angular_spread,target_angular_spread,gmm3,0.666000,0.476900,0,12.947,20.512,1.634,2.632
by_class,dense_block_highrise,angular_spread,target_angular_spread,gmm2,0.666000,0.476900,0,12.947,20.512,1.634,2.632
by_class,dense_block_highrise,angular_spread,target_angular_spread,gamma,1.116600,0.644200,0,12.947,20.512,1.634,2.632
by_class,dense_block_highrise,angular_spread,target_angular_spread,weibull,1.129900,0.655800,0,12.947,20.512,1.634,2.632
by_class,dense_block_highrise,angular_spread,target_angular_spread,lognormal,1.694500,0.764200,0,12.947,20.512,1.634,2.632
by_class,dense_block_highrise,angular_spread,target_angular_spread,skew_normal,2.459600,0.713000,0,12.947,20.512,1.634,2.632
by_class,dense_block_highrise,angular_spread,target_angular_spread,gaussian,2.482500,0.711600,0,12.947,20.512,1.634,2.632
by_class,dense_block_highrise,angular_spread,target_angular_spread,laplace,2.583500,0.752600,0,12.947,20.512,1.634,2.632
by_class,dense_block_highrise,delay_spread,pred_delay_spread,gmm5,0.035100,0.080100,1,19.587,14.625,0.815,-0.624
by_class,dense_block_highrise,delay_spread,pred_delay_spread,gmm4,0.047900,0.102900,0,19.587,14.625,0.815,-0.624
by_class,dense_block_highrise,delay_spread,pred_delay_spread,gmm3,0.157200,0.193900,0,19.587,14.625,0.815,-0.624
by_class,dense_block_highrise,delay_spread,pred_delay_spread,gmm2,0.169100,0.190300,0,19.587,14.625,0.815,-0.624
by_class,dense_block_highrise,delay_spread,pred_delay_spread,gamma,0.295600,0.275700,0,19.587,14.625,0.815,-0.624
by_class,dense_block_highrise,delay_spread,pred_delay_spread,weibull,0.299000,0.275100,0,19.587,14.625,0.815,-0.624
by_class,dense_block_highrise,delay_spread,pred_delay_spread,spike_plus_exp,0.324800,0.301000,0,19.587,14.625,0.815,-0.624
by_class,dense_block_highrise,delay_spread,pred_delay_spread,lognormal,0.387700,0.308300,0,19.587,14.625,0.815,-0.624
by_class,dense_block_highrise,delay_spread,pred_delay_spread,skew_normal,0.480300,0.363200,0,19.587,14.625,0.815,-0.624
by_class,dense_block_highrise,delay_spread,pred_delay_spread,gaussian,0.490000,0.367800,0,19.587,14.625,0.815,-0.624
by_class,dense_block_highrise,delay_spread,pred_delay_spread,laplace,0.635600,0.443400,0,19.587,14.625,0.815,-0.624
by_class,dense_block_highrise,delay_spread,target_delay_spread,gmm4,0.122400,0.167500,1,24.949,45.784,3.301,14.43
by_class,dense_block_highrise,delay_spread,target_delay_spread,gmm5,0.124300,0.169900,0,24.949,45.784,3.301,14.43
by_class,dense_block_highrise,delay_spread,target_delay_spread,gmm3,0.130800,0.183000,0,24.949,45.784,3.301,14.43
by_class,dense_block_highrise,delay_spread,target_delay_spread,gmm2,0.210500,0.211900,0,24.949,45.784,3.301,14.43
by_class,dense_block_highrise,delay_spread,target_delay_spread,weibull,0.482400,0.389100,0,24.949,45.784,3.301,14.43
by_class,dense_block_highrise,delay_spread,target_delay_spread,gamma,0.530900,0.407600,0,24.949,45.784,3.301,14.43
by_class,dense_block_highrise,delay_spread,target_delay_spread,lognormal,0.545700,0.430700,0,24.949,45.784,3.301,14.43
by_class,dense_block_highrise,delay_spread,target_delay_spread,spike_plus_exp,0.821900,0.490900,0,24.949,45.784,3.301,14.43
by_class,dense_block_highrise,delay_spread,target_delay_spread,laplace,1.774400,0.641500,0,24.949,45.784,3.301,14.43
by_class,dense_block_highrise,delay_spread,target_delay_spread,skew_normal,1.878500,0.642900,0,24.949,45.784,3.301,14.43
by_class,dense_block_highrise,delay_spread,target_delay_spread,gaussian,1.910900,0.646700,0,24.949,45.784,3.301,14.43
by_class,dense_block_highrise,path_loss,pred_los,gmm4,0.003600,0.023700,1,97.681,3.95,-0.932,1.015
by_class,dense_block_highrise,path_loss,pred_los,gmm5,0.003600,0.024500,0,97.681,3.95,-0.932,1.015
by_class,dense_block_highrise,path_loss,pred_los,gmm3,0.016300,0.066400,0,97.681,3.95,-0.932,1.015
by_class,dense_block_highrise,path_loss,pred_los,gmm2,0.036600,0.076100,0,97.681,3.95,-0.932,1.015
by_class,dense_block_highrise,path_loss,pred_los,weibull,0.046100,0.079100,0,97.681,3.95,-0.932,1.015
by_class,dense_block_highrise,path_loss,pred_los,skew_normal,0.090900,0.134100,0,97.681,3.95,-0.932,1.015
by_class,dense_block_highrise,path_loss,pred_los,gaussian,0.103500,0.144800,0,97.681,3.95,-0.932,1.015
by_class,dense_block_highrise,path_loss,pred_los,laplace,0.151200,0.206700,0,97.681,3.95,-0.932,1.015
by_class,dense_block_highrise,path_loss,pred_los,gamma,0.178200,0.182800,0,97.681,3.95,-0.932,1.015
by_class,dense_block_highrise,path_loss,pred_los,lognormal,0.232600,0.200100,0,97.681,3.95,-0.932,1.015
by_class,dense_block_highrise,path_loss,pred_los,spike_plus_exp,1.432600,0.721700,0,97.681,3.95,-0.932,1.015
by_class,dense_block_highrise,path_loss,pred_nlos,gmm5,0.004000,0.021000,1,41.016,20.226,0.759,-0.052
by_class,dense_block_highrise,path_loss,pred_nlos,gmm4,0.004300,0.022100,0,41.016,20.226,0.759,-0.052
by_class,dense_block_highrise,path_loss,pred_nlos,gmm3,0.004800,0.023800,0,41.016,20.226,0.759,-0.052
by_class,dense_block_highrise,path_loss,pred_nlos,gmm2,0.008100,0.029700,0,41.016,20.226,0.759,-0.052
by_class,dense_block_highrise,path_loss,pred_nlos,gamma,0.028100,0.078300,0,41.016,20.226,0.759,-0.052
by_class,dense_block_highrise,path_loss,pred_nlos,weibull,0.042900,0.119700,0,41.016,20.226,0.759,-0.052
by_class,dense_block_highrise,path_loss,pred_nlos,lognormal,0.072800,0.081200,0,41.016,20.226,0.759,-0.052
by_class,dense_block_highrise,path_loss,pred_nlos,skew_normal,0.094800,0.172400,0,41.016,20.226,0.759,-0.052
by_class,dense_block_highrise,path_loss,pred_nlos,gaussian,0.103500,0.180500,0,41.016,20.226,0.759,-0.052
by_class,dense_block_highrise,path_loss,pred_nlos,laplace,0.165500,0.238900,0,41.016,20.226,0.759,-0.052
by_class,dense_block_highrise,path_loss,pred_nlos,spike_plus_exp,0.344400,0.334000,0,41.016,20.226,0.759,-0.052
by_class,dense_block_highrise,path_loss,target_los,gmm5,0.010600,0.024200,1,98.223,5.912,0.23,0.731
by_class,dense_block_highrise,path_loss,target_los,gmm3,0.010800,0.025500,0,98.223,5.912,0.23,0.731
by_class,dense_block_highrise,path_loss,target_los,gmm4,0.010900,0.025400,0,98.223,5.912,0.23,0.731
by_class,dense_block_highrise,path_loss,target_los,gmm2,0.011500,0.030800,0,98.223,5.912,0.23,0.731
by_class,dense_block_highrise,path_loss,target_los,skew_normal,0.022500,0.073600,0,98.223,5.912,0.23,0.731
by_class,dense_block_highrise,path_loss,target_los,gaussian,0.023500,0.074800,0,98.223,5.912,0.23,0.731
by_class,dense_block_highrise,path_loss,target_los,gamma,0.029700,0.068200,0,98.223,5.912,0.23,0.731
by_class,dense_block_highrise,path_loss,target_los,laplace,0.038400,0.105300,0,98.223,5.912,0.23,0.731
by_class,dense_block_highrise,path_loss,target_los,lognormal,0.047500,0.068800,0,98.223,5.912,0.23,0.731
by_class,dense_block_highrise,path_loss,target_los,weibull,0.066500,0.118500,0,98.223,5.912,0.23,0.731
by_class,dense_block_highrise,path_loss,target_los,spike_plus_exp,1.167800,0.652600,0,98.223,5.912,0.23,0.731
by_class,dense_block_highrise,path_loss,target_nlos,gmm5,0.056600,0.079900,1,107.489,4.665,-0.494,2.006
by_class,dense_block_highrise,path_loss,target_nlos,gmm4,0.056800,0.079000,0,107.489,4.665,-0.494,2.006
by_class,dense_block_highrise,path_loss,target_nlos,gmm3,0.058300,0.083800,0,107.489,4.665,-0.494,2.006
by_class,dense_block_highrise,path_loss,target_nlos,gmm2,0.058300,0.085000,0,107.489,4.665,-0.494,2.006
by_class,dense_block_highrise,path_loss,target_nlos,laplace,0.086100,0.134000,0,107.489,4.665,-0.494,2.006
by_class,dense_block_highrise,path_loss,target_nlos,weibull,0.098900,0.116500,0,107.489,4.665,-0.494,2.006
by_class,dense_block_highrise,path_loss,target_nlos,skew_normal,0.100100,0.134800,0,107.489,4.665,-0.494,2.006
by_class,dense_block_highrise,path_loss,target_nlos,gaussian,0.104800,0.139500,0,107.489,4.665,-0.494,2.006
by_class,dense_block_highrise,path_loss,target_nlos,gamma,0.175800,0.176200,0,107.489,4.665,-0.494,2.006
by_class,dense_block_highrise,path_loss,target_nlos,lognormal,0.233300,0.195200,0,107.489,4.665,-0.494,2.006
by_class,dense_block_highrise,path_loss,target_nlos,spike_plus_exp,1.302900,0.675900,0,107.489,4.665,-0.494,2.006
by_class,dense_block_midrise,angular_spread,pred_angular_spread,gmm5,0.032600,0.084200,1,9.43,12.139,1.71,2.6
by_class,dense_block_midrise,angular_spread,pred_angular_spread,gmm4,0.036400,0.094600,0,9.43,12.139,1.71,2.6
by_class,dense_block_midrise,angular_spread,pred_angular_spread,gmm3,0.051200,0.122700,0,9.43,12.139,1.71,2.6
by_class,dense_block_midrise,angular_spread,pred_angular_spread,gmm2,0.156900,0.211200,0,9.43,12.139,1.71,2.6
by_class,dense_block_midrise,angular_spread,pred_angular_spread,lognormal,0.484100,0.346800,0,9.43,12.139,1.71,2.6
by_class,dense_block_midrise,angular_spread,pred_angular_spread,gamma,0.566700,0.368600,0,9.43,12.139,1.71,2.6
by_class,dense_block_midrise,angular_spread,pred_angular_spread,weibull,0.653700,0.398300,0,9.43,12.139,1.71,2.6
by_class,dense_block_midrise,angular_spread,pred_angular_spread,skew_normal,0.737900,0.426500,0,9.43,12.139,1.71,2.6
by_class,dense_block_midrise,angular_spread,pred_angular_spread,gaussian,0.763100,0.432900,0,9.43,12.139,1.71,2.6
by_class,dense_block_midrise,angular_spread,pred_angular_spread,laplace,0.776300,0.441600,0,9.43,12.139,1.71,2.6
by_class,dense_block_midrise,angular_spread,pred_angular_spread,spike_plus_exp,0.912700,0.461500,0,9.43,12.139,1.71,2.6
by_class,dense_block_midrise,angular_spread,target_angular_spread,spike_plus_exp,0.649600,0.479500,1,9.171,19.035,2.289,4.947
by_class,dense_block_midrise,angular_spread,target_angular_spread,gmm2,0.757400,0.518400,0,9.171,19.035,2.289,4.947
by_class,dense_block_midrise,angular_spread,target_angular_spread,gmm3,0.757400,0.518400,0,9.171,19.035,2.289,4.947
by_class,dense_block_midrise,angular_spread,target_angular_spread,gmm4,0.757400,0.518400,0,9.171,19.035,2.289,4.947
by_class,dense_block_midrise,angular_spread,target_angular_spread,gmm5,0.757400,0.518400,0,9.171,19.035,2.289,4.947
by_class,dense_block_midrise,angular_spread,target_angular_spread,weibull,1.079700,0.651400,0,9.171,19.035,2.289,4.947
by_class,dense_block_midrise,angular_spread,target_angular_spread,gamma,1.160900,0.662200,0,9.171,19.035,2.289,4.947
by_class,dense_block_midrise,angular_spread,target_angular_spread,lognormal,1.350100,0.729100,0,9.171,19.035,2.289,4.947
by_class,dense_block_midrise,angular_spread,target_angular_spread,laplace,2.929200,0.836700,0,9.171,19.035,2.289,4.947
by_class,dense_block_midrise,angular_spread,target_angular_spread,skew_normal,2.945100,0.825200,0,9.171,19.035,2.289,4.947
by_class,dense_block_midrise,angular_spread,target_angular_spread,gaussian,2.978200,0.827300,0,9.171,19.035,2.289,4.947
by_class,dense_block_midrise,delay_spread,pred_delay_spread,gmm5,0.016300,0.053500,1,6.043,6.404,2.131,4.478
by_class,dense_block_midrise,delay_spread,pred_delay_spread,gmm4,0.016400,0.053700,0,6.043,6.404,2.131,4.478
by_class,dense_block_midrise,delay_spread,pred_delay_spread,gmm3,0.036100,0.086100,0,6.043,6.404,2.131,4.478
by_class,dense_block_midrise,delay_spread,pred_delay_spread,gmm2,0.080800,0.141800,0,6.043,6.404,2.131,4.478
by_class,dense_block_midrise,delay_spread,pred_delay_spread,lognormal,0.104000,0.178900,0,6.043,6.404,2.131,4.478
by_class,dense_block_midrise,delay_spread,pred_delay_spread,spike_plus_exp,0.148600,0.229800,0,6.043,6.404,2.131,4.478
by_class,dense_block_midrise,delay_spread,pred_delay_spread,gamma,0.187300,0.251900,0,6.043,6.404,2.131,4.478
by_class,dense_block_midrise,delay_spread,pred_delay_spread,weibull,0.188700,0.253400,0,6.043,6.404,2.131,4.478
by_class,dense_block_midrise,delay_spread,pred_delay_spread,laplace,0.603800,0.434600,0,6.043,6.404,2.131,4.478
by_class,dense_block_midrise,delay_spread,pred_delay_spread,skew_normal,0.633100,0.445800,0,6.043,6.404,2.131,4.478
by_class,dense_block_midrise,delay_spread,pred_delay_spread,gaussian,0.664700,0.452800,0,6.043,6.404,2.131,4.478
by_class,dense_block_midrise,delay_spread,target_delay_spread,gmm5,0.100000,0.139700,1,10.095,26.128,6.403,55.916
by_class,dense_block_midrise,delay_spread,target_delay_spread,gmm4,0.100200,0.137000,0,10.095,26.128,6.403,55.916
by_class,dense_block_midrise,delay_spread,target_delay_spread,gmm3,0.110000,0.142300,0,10.095,26.128,6.403,55.916
by_class,dense_block_midrise,delay_spread,target_delay_spread,gmm2,0.199000,0.171000,0,10.095,26.128,6.403,55.916
by_class,dense_block_midrise,delay_spread,target_delay_spread,lognormal,0.218500,0.265200,0,10.095,26.128,6.403,55.916
by_class,dense_block_midrise,delay_spread,target_delay_spread,weibull,0.267200,0.307400,0,10.095,26.128,6.403,55.916
by_class,dense_block_midrise,delay_spread,target_delay_spread,gamma,0.404800,0.393500,0,10.095,26.128,6.403,55.916
by_class,dense_block_midrise,delay_spread,target_delay_spread,spike_plus_exp,0.548800,0.330500,0,10.095,26.128,6.403,55.916
by_class,dense_block_midrise,delay_spread,target_delay_spread,laplace,1.755700,0.741900,0,10.095,26.128,6.403,55.916
by_class,dense_block_midrise,delay_spread,target_delay_spread,skew_normal,2.046900,0.768200,0,10.095,26.128,6.403,55.916
by_class,dense_block_midrise,delay_spread,target_delay_spread,gaussian,2.081300,0.770400,0,10.095,26.128,6.403,55.916
by_class,dense_block_midrise,path_loss,pred_los,gmm5,0.001200,0.012500,1,96.438,4.058,-0.892,0.778
by_class,dense_block_midrise,path_loss,pred_los,gmm4,0.001800,0.015100,0,96.438,4.058,-0.892,0.778
by_class,dense_block_midrise,path_loss,pred_los,gmm3,0.005600,0.034400,0,96.438,4.058,-0.892,0.778
by_class,dense_block_midrise,path_loss,pred_los,gmm2,0.010900,0.041900,0,96.438,4.058,-0.892,0.778
by_class,dense_block_midrise,path_loss,pred_los,weibull,0.027500,0.076500,0,96.438,4.058,-0.892,0.778
by_class,dense_block_midrise,path_loss,pred_los,skew_normal,0.072300,0.135100,0,96.438,4.058,-0.892,0.778
by_class,dense_block_midrise,path_loss,pred_los,gaussian,0.084000,0.145200,0,96.438,4.058,-0.892,0.778
by_class,dense_block_midrise,path_loss,pred_los,laplace,0.126400,0.196200,0,96.438,4.058,-0.892,0.778
by_class,dense_block_midrise,path_loss,pred_los,gamma,0.153100,0.183600,0,96.438,4.058,-0.892,0.778
by_class,dense_block_midrise,path_loss,pred_los,lognormal,0.203700,0.201800,0,96.438,4.058,-0.892,0.778
by_class,dense_block_midrise,path_loss,pred_los,spike_plus_exp,1.418900,0.707800,0,96.438,4.058,-0.892,0.778
by_class,dense_block_midrise,path_loss,pred_nlos,gmm5,0.009400,0.026400,1,36.138,22.515,0.926,0.311
by_class,dense_block_midrise,path_loss,pred_nlos,gmm4,0.010500,0.026500,0,36.138,22.515,0.926,0.311
by_class,dense_block_midrise,path_loss,pred_nlos,gmm3,0.014400,0.041700,0,36.138,22.515,0.926,0.311
by_class,dense_block_midrise,path_loss,pred_nlos,weibull,0.027200,0.080400,0,36.138,22.515,0.926,0.311
by_class,dense_block_midrise,path_loss,pred_nlos,gmm2,0.028300,0.068700,0,36.138,22.515,0.926,0.311
by_class,dense_block_midrise,path_loss,pred_nlos,gamma,0.028400,0.049200,0,36.138,22.515,0.926,0.311
by_class,dense_block_midrise,path_loss,pred_nlos,skew_normal,0.128700,0.182900,0,36.138,22.515,0.926,0.311
by_class,dense_block_midrise,path_loss,pred_nlos,gaussian,0.141300,0.192900,0,36.138,22.515,0.926,0.311
by_class,dense_block_midrise,path_loss,pred_nlos,spike_plus_exp,0.162400,0.212600,0,36.138,22.515,0.926,0.311
by_class,dense_block_midrise,path_loss,pred_nlos,lognormal,0.162900,0.100200,0,36.138,22.515,0.926,0.311
by_class,dense_block_midrise,path_loss,pred_nlos,laplace,0.184700,0.237000,0,36.138,22.515,0.926,0.311
by_class,dense_block_midrise,path_loss,target_los,gmm5,0.002900,0.011600,1,97.055,5.301,-0.077,0.794
by_class,dense_block_midrise,path_loss,target_los,gmm3,0.002900,0.011900,0,97.055,5.301,-0.077,0.794
by_class,dense_block_midrise,path_loss,target_los,gmm4,0.003000,0.012600,0,97.055,5.301,-0.077,0.794
by_class,dense_block_midrise,path_loss,target_los,gmm2,0.003200,0.016900,0,97.055,5.301,-0.077,0.794
by_class,dense_block_midrise,path_loss,target_los,skew_normal,0.012800,0.057400,0,97.055,5.301,-0.077,0.794
by_class,dense_block_midrise,path_loss,target_los,gaussian,0.013000,0.057800,0,97.055,5.301,-0.077,0.794
by_class,dense_block_midrise,path_loss,target_los,laplace,0.027700,0.094100,0,97.055,5.301,-0.077,0.794
by_class,dense_block_midrise,path_loss,target_los,gamma,0.037100,0.079900,0,97.055,5.301,-0.077,0.794
by_class,dense_block_midrise,path_loss,target_los,weibull,0.038300,0.068500,0,97.055,5.301,-0.077,0.794
by_class,dense_block_midrise,path_loss,target_los,lognormal,0.063100,0.096200,0,97.055,5.301,-0.077,0.794
by_class,dense_block_midrise,path_loss,target_los,spike_plus_exp,1.260600,0.671100,0,97.055,5.301,-0.077,0.794
by_class,dense_block_midrise,path_loss,target_nlos,gmm5,0.031400,0.038100,1,106.493,4.332,-0.13,2.036
by_class,dense_block_midrise,path_loss,target_nlos,gmm4,0.031800,0.042500,0,106.493,4.332,-0.13,2.036
by_class,dense_block_midrise,path_loss,target_nlos,gmm3,0.032800,0.050000,0,106.493,4.332,-0.13,2.036
by_class,dense_block_midrise,path_loss,target_nlos,gmm2,0.035400,0.060400,0,106.493,4.332,-0.13,2.036
by_class,dense_block_midrise,path_loss,target_nlos,laplace,0.059600,0.120700,0,106.493,4.332,-0.13,2.036
by_class,dense_block_midrise,path_loss,target_nlos,skew_normal,0.065400,0.113200,0,106.493,4.332,-0.13,2.036
by_class,dense_block_midrise,path_loss,target_nlos,gaussian,0.066000,0.114200,0,106.493,4.332,-0.13,2.036
by_class,dense_block_midrise,path_loss,target_nlos,gamma,0.087600,0.132700,0,106.493,4.332,-0.13,2.036
by_class,dense_block_midrise,path_loss,target_nlos,weibull,0.103200,0.087000,0,106.493,4.332,-0.13,2.036
by_class,dense_block_midrise,path_loss,target_nlos,lognormal,0.106600,0.142100,0,106.493,4.332,-0.13,2.036
by_class,dense_block_midrise,path_loss,target_nlos,spike_plus_exp,1.599200,0.743700,0,106.493,4.332,-0.13,2.036
by_class,mixed_compact_lowrise,angular_spread,pred_angular_spread,gmm5,0.122200,0.171500,1,6.009,10.266,2.617,7.038
by_class,mixed_compact_lowrise,angular_spread,pred_angular_spread,gmm4,0.122200,0.171500,0,6.009,10.266,2.617,7.038
by_class,mixed_compact_lowrise,angular_spread,pred_angular_spread,gmm3,0.122200,0.171500,0,6.009,10.266,2.617,7.038
by_class,mixed_compact_lowrise,angular_spread,pred_angular_spread,gmm2,0.202700,0.234700,0,6.009,10.266,2.617,7.038
by_class,mixed_compact_lowrise,angular_spread,pred_angular_spread,lognormal,0.985700,0.552000,0,6.009,10.266,2.617,7.038
by_class,mixed_compact_lowrise,angular_spread,pred_angular_spread,gamma,1.072900,0.574500,0,6.009,10.266,2.617,7.038
by_class,mixed_compact_lowrise,angular_spread,pred_angular_spread,laplace,1.153000,0.590900,0,6.009,10.266,2.617,7.038
by_class,mixed_compact_lowrise,angular_spread,pred_angular_spread,skew_normal,1.242400,0.607800,0,6.009,10.266,2.617,7.038
by_class,mixed_compact_lowrise,angular_spread,pred_angular_spread,weibull,1.245900,0.607000,0,6.009,10.266,2.617,7.038
by_class,mixed_compact_lowrise,angular_spread,pred_angular_spread,gaussian,1.280600,0.612700,0,6.009,10.266,2.617,7.038
by_class,mixed_compact_lowrise,angular_spread,pred_angular_spread,spike_plus_exp,1.669000,0.658000,0,6.009,10.266,2.617,7.038
by_class,mixed_compact_lowrise,angular_spread,target_angular_spread,spike_plus_exp,0.674900,0.490600,1,6.068,15.232,3.013,9.858
by_class,mixed_compact_lowrise,angular_spread,target_angular_spread,gmm4,0.815100,0.549200,0,6.068,15.232,3.013,9.858
by_class,mixed_compact_lowrise,angular_spread,target_angular_spread,gmm3,0.815100,0.549200,0,6.068,15.232,3.013,9.858
by_class,mixed_compact_lowrise,angular_spread,target_angular_spread,gmm5,0.815100,0.549200,0,6.068,15.232,3.013,9.858
by_class,mixed_compact_lowrise,angular_spread,target_angular_spread,gmm2,0.815100,0.549200,0,6.068,15.232,3.013,9.858
by_class,mixed_compact_lowrise,angular_spread,target_angular_spread,weibull,1.028000,0.640800,0,6.068,15.232,3.013,9.858
by_class,mixed_compact_lowrise,angular_spread,target_angular_spread,lognormal,1.117000,0.672200,0,6.068,15.232,3.013,9.858
by_class,mixed_compact_lowrise,angular_spread,target_angular_spread,gamma,1.191500,0.680400,0,6.068,15.232,3.013,9.858
by_class,mixed_compact_lowrise,angular_spread,target_angular_spread,laplace,2.979000,0.886300,0,6.068,15.232,3.013,9.858
by_class,mixed_compact_lowrise,angular_spread,target_angular_spread,skew_normal,3.116900,0.890600,0,6.068,15.232,3.013,9.858
by_class,mixed_compact_lowrise,angular_spread,target_angular_spread,gaussian,3.158300,0.893700,0,6.068,15.232,3.013,9.858
by_class,mixed_compact_lowrise,delay_spread,pred_delay_spread,gmm5,0.027000,0.077100,1,4.744,3.126,2.474,7.725
by_class,mixed_compact_lowrise,delay_spread,pred_delay_spread,gmm4,0.027000,0.077100,0,4.744,3.126,2.474,7.725
by_class,mixed_compact_lowrise,delay_spread,pred_delay_spread,gmm2,0.053300,0.105900,0,4.744,3.126,2.474,7.725
by_class,mixed_compact_lowrise,delay_spread,pred_delay_spread,gmm3,0.053300,0.105900,0,4.744,3.126,2.474,7.725
by_class,mixed_compact_lowrise,delay_spread,pred_delay_spread,spike_plus_exp,0.069400,0.142200,0,4.744,3.126,2.474,7.725
by_class,mixed_compact_lowrise,delay_spread,pred_delay_spread,lognormal,0.158200,0.222000,0,4.744,3.126,2.474,7.725
by_class,mixed_compact_lowrise,delay_spread,pred_delay_spread,gamma,0.257100,0.296500,0,4.744,3.126,2.474,7.725
by_class,mixed_compact_lowrise,delay_spread,pred_delay_spread,weibull,0.323100,0.335400,0,4.744,3.126,2.474,7.725
by_class,mixed_compact_lowrise,delay_spread,pred_delay_spread,laplace,0.397200,0.379200,0,4.744,3.126,2.474,7.725
by_class,mixed_compact_lowrise,delay_spread,pred_delay_spread,skew_normal,0.473100,0.393000,0,4.744,3.126,2.474,7.725
by_class,mixed_compact_lowrise,delay_spread,pred_delay_spread,gaussian,0.508200,0.401300,0,4.744,3.126,2.474,7.725
by_class,mixed_compact_lowrise,delay_spread,target_delay_spread,gmm5,0.121000,0.166600,1,7.536,20.832,7.245,73.851
by_class,mixed_compact_lowrise,delay_spread,target_delay_spread,gmm4,0.121000,0.166300,0,7.536,20.832,7.245,73.851
by_class,mixed_compact_lowrise,delay_spread,target_delay_spread,gmm3,0.170200,0.186800,0,7.536,20.832,7.245,73.851
by_class,mixed_compact_lowrise,delay_spread,target_delay_spread,gmm2,0.193700,0.216700,0,7.536,20.832,7.245,73.851
by_class,mixed_compact_lowrise,delay_spread,target_delay_spread,lognormal,0.214400,0.258300,0,7.536,20.832,7.245,73.851
by_class,mixed_compact_lowrise,delay_spread,target_delay_spread,weibull,0.283700,0.310300,0,7.536,20.832,7.245,73.851
by_class,mixed_compact_lowrise,delay_spread,target_delay_spread,gamma,0.453700,0.437500,0,7.536,20.832,7.245,73.851
by_class,mixed_compact_lowrise,delay_spread,target_delay_spread,spike_plus_exp,0.510900,0.335300,0,7.536,20.832,7.245,73.851
by_class,mixed_compact_lowrise,delay_spread,target_delay_spread,laplace,1.793600,0.776000,0,7.536,20.832,7.245,73.851
by_class,mixed_compact_lowrise,delay_spread,target_delay_spread,skew_normal,2.146200,0.812200,0,7.536,20.832,7.245,73.851
by_class,mixed_compact_lowrise,delay_spread,target_delay_spread,gaussian,2.184600,0.814200,0,7.536,20.832,7.245,73.851
by_class,mixed_compact_lowrise,path_loss,pred_los,gmm5,0.003100,0.019700,1,96.351,3.754,-0.899,0.944
by_class,mixed_compact_lowrise,path_loss,pred_los,gmm4,0.003500,0.022000,0,96.351,3.754,-0.899,0.944
by_class,mixed_compact_lowrise,path_loss,pred_los,gmm3,0.004200,0.026500,0,96.351,3.754,-0.899,0.944
by_class,mixed_compact_lowrise,path_loss,pred_los,gmm2,0.007100,0.030100,0,96.351,3.754,-0.899,0.944
by_class,mixed_compact_lowrise,path_loss,pred_los,weibull,0.018900,0.066000,0,96.351,3.754,-0.899,0.944
by_class,mixed_compact_lowrise,path_loss,pred_los,skew_normal,0.064400,0.128500,0,96.351,3.754,-0.899,0.944
by_class,mixed_compact_lowrise,path_loss,pred_los,gaussian,0.076300,0.139000,0,96.351,3.754,-0.899,0.944
by_class,mixed_compact_lowrise,path_loss,pred_los,laplace,0.107100,0.186000,0,96.351,3.754,-0.899,0.944
by_class,mixed_compact_lowrise,path_loss,pred_los,gamma,0.139700,0.174900,0,96.351,3.754,-0.899,0.944
by_class,mixed_compact_lowrise,path_loss,pred_los,lognormal,0.184800,0.191700,0,96.351,3.754,-0.899,0.944
by_class,mixed_compact_lowrise,path_loss,pred_los,spike_plus_exp,1.485500,0.722000,0,96.351,3.754,-0.899,0.944
by_class,mixed_compact_lowrise,path_loss,pred_nlos,gmm5,0.009800,0.029300,1,32.57,21.854,1.138,0.858
by_class,mixed_compact_lowrise,path_loss,pred_nlos,gmm4,0.011000,0.031300,0,32.57,21.854,1.138,0.858
by_class,mixed_compact_lowrise,path_loss,pred_nlos,gmm3,0.015600,0.044500,0,32.57,21.854,1.138,0.858
by_class,mixed_compact_lowrise,path_loss,pred_nlos,gamma,0.024000,0.066200,0,32.57,21.854,1.138,0.858
by_class,mixed_compact_lowrise,path_loss,pred_nlos,gmm2,0.030800,0.073100,0,32.57,21.854,1.138,0.858
by_class,mixed_compact_lowrise,path_loss,pred_nlos,weibull,0.032400,0.096400,0,32.57,21.854,1.138,0.858
by_class,mixed_compact_lowrise,path_loss,pred_nlos,lognormal,0.122000,0.087200,0,32.57,21.854,1.138,0.858
by_class,mixed_compact_lowrise,path_loss,pred_nlos,spike_plus_exp,0.127900,0.184800,0,32.57,21.854,1.138,0.858
by_class,mixed_compact_lowrise,path_loss,pred_nlos,skew_normal,0.168200,0.215200,0,32.57,21.854,1.138,0.858
by_class,mixed_compact_lowrise,path_loss,pred_nlos,gaussian,0.184900,0.225900,0,32.57,21.854,1.138,0.858
by_class,mixed_compact_lowrise,path_loss,pred_nlos,laplace,0.208000,0.255200,0,32.57,21.854,1.138,0.858
by_class,mixed_compact_lowrise,path_loss,target_los,gmm5,0.002500,0.010200,1,96.913,5.222,0.037,0.66
by_class,mixed_compact_lowrise,path_loss,target_los,gmm4,0.002500,0.010900,0,96.913,5.222,0.037,0.66
by_class,mixed_compact_lowrise,path_loss,target_los,gmm3,0.002600,0.011300,0,96.913,5.222,0.037,0.66
by_class,mixed_compact_lowrise,path_loss,target_los,gmm2,0.003300,0.020700,0,96.913,5.222,0.037,0.66
by_class,mixed_compact_lowrise,path_loss,target_los,skew_normal,0.011000,0.055900,0,96.913,5.222,0.037,0.66
by_class,mixed_compact_lowrise,path_loss,target_los,gaussian,0.011100,0.056000,0,96.913,5.222,0.037,0.66
by_class,mixed_compact_lowrise,path_loss,target_los,gamma,0.026300,0.063100,0,96.913,5.222,0.037,0.66
by_class,mixed_compact_lowrise,path_loss,target_los,laplace,0.026800,0.092200,0,96.913,5.222,0.037,0.66
by_class,mixed_compact_lowrise,path_loss,target_los,lognormal,0.046300,0.071300,0,96.913,5.222,0.037,0.66
by_class,mixed_compact_lowrise,path_loss,target_los,weibull,0.047200,0.089400,0,96.913,5.222,0.037,0.66
by_class,mixed_compact_lowrise,path_loss,target_los,spike_plus_exp,1.268500,0.673200,0,96.913,5.222,0.037,0.66
by_class,mixed_compact_lowrise,path_loss,target_nlos,gmm5,0.027800,0.031800,1,107.106,3.94,-0.05,3.177
by_class,mixed_compact_lowrise,path_loss,target_nlos,gmm4,0.028100,0.034500,0,107.106,3.94,-0.05,3.177
by_class,mixed_compact_lowrise,path_loss,target_nlos,gmm3,0.029200,0.043300,0,107.106,3.94,-0.05,3.177
by_class,mixed_compact_lowrise,path_loss,target_nlos,gmm2,0.034700,0.061600,0,107.106,3.94,-0.05,3.177
by_class,mixed_compact_lowrise,path_loss,target_nlos,laplace,0.048700,0.107600,0,107.106,3.94,-0.05,3.177
by_class,mixed_compact_lowrise,path_loss,target_nlos,skew_normal,0.089400,0.138800,0,107.106,3.94,-0.05,3.177
by_class,mixed_compact_lowrise,path_loss,target_nlos,gaussian,0.089600,0.139200,0,107.106,3.94,-0.05,3.177
by_class,mixed_compact_lowrise,path_loss,target_nlos,gamma,0.114800,0.153000,0,107.106,3.94,-0.05,3.177
by_class,mixed_compact_lowrise,path_loss,target_nlos,weibull,0.134000,0.121500,0,107.106,3.94,-0.05,3.177
by_class,mixed_compact_lowrise,path_loss,target_nlos,lognormal,0.137600,0.159900,0,107.106,3.94,-0.05,3.177
by_class,mixed_compact_lowrise,path_loss,target_nlos,spike_plus_exp,1.563100,0.729000,0,107.106,3.94,-0.05,3.177
by_class,mixed_compact_midrise,angular_spread,pred_angular_spread,gmm5,0.032100,0.079800,1,8.625,9.287,1.743,3.073
by_class,mixed_compact_midrise,angular_spread,pred_angular_spread,gmm4,0.035900,0.091000,0,8.625,9.287,1.743,3.073
by_class,mixed_compact_midrise,angular_spread,pred_angular_spread,gmm3,0.055600,0.119800,0,8.625,9.287,1.743,3.073
by_class,mixed_compact_midrise,angular_spread,pred_angular_spread,spike_plus_exp,0.078700,0.153400,0,8.625,9.287,1.743,3.073
by_class,mixed_compact_midrise,angular_spread,pred_angular_spread,lognormal,0.162200,0.208800,0,8.625,9.287,1.743,3.073
by_class,mixed_compact_midrise,angular_spread,pred_angular_spread,gmm2,0.180600,0.224900,0,8.625,9.287,1.743,3.073
by_class,mixed_compact_midrise,angular_spread,pred_angular_spread,gamma,0.238600,0.235100,0,8.625,9.287,1.743,3.073
by_class,mixed_compact_midrise,angular_spread,pred_angular_spread,weibull,0.252300,0.243700,0,8.625,9.287,1.743,3.073
by_class,mixed_compact_midrise,angular_spread,pred_angular_spread,skew_normal,0.544700,0.369700,0,8.625,9.287,1.743,3.073
by_class,mixed_compact_midrise,angular_spread,pred_angular_spread,laplace,0.565800,0.380500,0,8.625,9.287,1.743,3.073
by_class,mixed_compact_midrise,angular_spread,pred_angular_spread,gaussian,0.570400,0.376000,0,8.625,9.287,1.743,3.073
by_class,mixed_compact_midrise,angular_spread,target_angular_spread,spike_plus_exp,0.608900,0.467400,1,9.226,17.393,2.186,5.331
by_class,mixed_compact_midrise,angular_spread,target_angular_spread,gmm5,0.711800,0.493700,0,9.226,17.393,2.186,5.331
by_class,mixed_compact_midrise,angular_spread,target_angular_spread,gmm4,0.711800,0.493700,0,9.226,17.393,2.186,5.331
by_class,mixed_compact_midrise,angular_spread,target_angular_spread,gmm3,0.711800,0.493700,0,9.226,17.393,2.186,5.331
by_class,mixed_compact_midrise,angular_spread,target_angular_spread,gmm2,0.711800,0.493700,0,9.226,17.393,2.186,5.331
by_class,mixed_compact_midrise,angular_spread,target_angular_spread,weibull,1.005500,0.631000,0,9.226,17.393,2.186,5.331
by_class,mixed_compact_midrise,angular_spread,target_angular_spread,gamma,1.052200,0.635400,0,9.226,17.393,2.186,5.331
by_class,mixed_compact_midrise,angular_spread,target_angular_spread,lognormal,1.304400,0.712700,0,9.226,17.393,2.186,5.331
by_class,mixed_compact_midrise,angular_spread,target_angular_spread,skew_normal,2.636000,0.775300,0,9.226,17.393,2.186,5.331
by_class,mixed_compact_midrise,angular_spread,target_angular_spread,laplace,2.664700,0.796700,0,9.226,17.393,2.186,5.331
by_class,mixed_compact_midrise,angular_spread,target_angular_spread,gaussian,2.665800,0.777100,0,9.226,17.393,2.186,5.331
by_class,mixed_compact_midrise,delay_spread,pred_delay_spread,gmm5,0.009400,0.041100,1,17.138,13.44,0.846,-0.485
by_class,mixed_compact_midrise,delay_spread,pred_delay_spread,gmm4,0.017800,0.063600,0,17.138,13.44,0.846,-0.485
by_class,mixed_compact_midrise,delay_spread,pred_delay_spread,gmm3,0.029800,0.083700,0,17.138,13.44,0.846,-0.485
by_class,mixed_compact_midrise,delay_spread,pred_delay_spread,gmm2,0.082100,0.144800,0,17.138,13.44,0.846,-0.485
by_class,mixed_compact_midrise,delay_spread,pred_delay_spread,spike_plus_exp,0.146800,0.189300,0,17.138,13.44,0.846,-0.485
by_class,mixed_compact_midrise,delay_spread,pred_delay_spread,gamma,0.173900,0.225200,0,17.138,13.44,0.846,-0.485
by_class,mixed_compact_midrise,delay_spread,pred_delay_spread,weibull,0.179100,0.227700,0,17.138,13.44,0.846,-0.485
by_class,mixed_compact_midrise,delay_spread,pred_delay_spread,lognormal,0.226000,0.263800,0,17.138,13.44,0.846,-0.485
by_class,mixed_compact_midrise,delay_spread,pred_delay_spread,skew_normal,0.388600,0.316900,0,17.138,13.44,0.846,-0.485
by_class,mixed_compact_midrise,delay_spread,pred_delay_spread,gaussian,0.399100,0.321600,0,17.138,13.44,0.846,-0.485
by_class,mixed_compact_midrise,delay_spread,pred_delay_spread,laplace,0.518900,0.381600,0,17.138,13.44,0.846,-0.485
by_class,mixed_compact_midrise,delay_spread,target_delay_spread,gmm5,0.114000,0.162600,1,19.656,41.076,3.518,16.259
by_class,mixed_compact_midrise,delay_spread,target_delay_spread,gmm4,0.126800,0.181400,0,19.656,41.076,3.518,16.259
by_class,mixed_compact_midrise,delay_spread,target_delay_spread,gmm3,0.154500,0.171900,0,19.656,41.076,3.518,16.259
by_class,mixed_compact_midrise,delay_spread,target_delay_spread,gmm2,0.170700,0.195700,0,19.656,41.076,3.518,16.259
by_class,mixed_compact_midrise,delay_spread,target_delay_spread,weibull,0.377200,0.346200,0,19.656,41.076,3.518,16.259
by_class,mixed_compact_midrise,delay_spread,target_delay_spread,gamma,0.458100,0.393400,0,19.656,41.076,3.518,16.259
by_class,mixed_compact_midrise,delay_spread,target_delay_spread,lognormal,0.487400,0.448400,0,19.656,41.076,3.518,16.259
by_class,mixed_compact_midrise,delay_spread,target_delay_spread,spike_plus_exp,0.703900,0.386900,0,19.656,41.076,3.518,16.259
by_class,mixed_compact_midrise,delay_spread,target_delay_spread,laplace,1.974500,0.731700,0,19.656,41.076,3.518,16.259
by_class,mixed_compact_midrise,delay_spread,target_delay_spread,skew_normal,2.109000,0.740200,0,19.656,41.076,3.518,16.259
by_class,mixed_compact_midrise,delay_spread,target_delay_spread,gaussian,2.141800,0.743400,0,19.656,41.076,3.518,16.259
by_class,mixed_compact_midrise,path_loss,pred_los,gmm5,0.006500,0.028500,1,96.445,3.835,-0.879,0.969
by_class,mixed_compact_midrise,path_loss,pred_los,gmm4,0.006900,0.028500,0,96.445,3.835,-0.879,0.969
by_class,mixed_compact_midrise,path_loss,pred_los,gmm3,0.007500,0.033200,0,96.445,3.835,-0.879,0.969
by_class,mixed_compact_midrise,path_loss,pred_los,gmm2,0.009700,0.036300,0,96.445,3.835,-0.879,0.969
by_class,mixed_compact_midrise,path_loss,pred_los,weibull,0.019500,0.065000,0,96.445,3.835,-0.879,0.969
by_class,mixed_compact_midrise,path_loss,pred_los,skew_normal,0.062200,0.122500,0,96.445,3.835,-0.879,0.969
by_class,mixed_compact_midrise,path_loss,pred_los,gaussian,0.073600,0.132700,0,96.445,3.835,-0.879,0.969
by_class,mixed_compact_midrise,path_loss,pred_los,laplace,0.103600,0.182000,0,96.445,3.835,-0.879,0.969
by_class,mixed_compact_midrise,path_loss,pred_los,gamma,0.138000,0.169600,0,96.445,3.835,-0.879,0.969
by_class,mixed_compact_midrise,path_loss,pred_los,lognormal,0.184100,0.187400,0,96.445,3.835,-0.879,0.969
by_class,mixed_compact_midrise,path_loss,pred_los,spike_plus_exp,1.465200,0.718600,0,96.445,3.835,-0.879,0.969
by_class,mixed_compact_midrise,path_loss,pred_nlos,gmm5,0.004300,0.020200,1,40.903,21.593,0.905,0.286
by_class,mixed_compact_midrise,path_loss,pred_nlos,gmm4,0.005100,0.022300,0,40.903,21.593,0.905,0.286
by_class,mixed_compact_midrise,path_loss,pred_nlos,gmm3,0.006700,0.027600,0,40.903,21.593,0.905,0.286
by_class,mixed_compact_midrise,path_loss,pred_nlos,gmm2,0.016200,0.053900,0,40.903,21.593,0.905,0.286
by_class,mixed_compact_midrise,path_loss,pred_nlos,gamma,0.027600,0.070300,0,40.903,21.593,0.905,0.286
by_class,mixed_compact_midrise,path_loss,pred_nlos,weibull,0.047300,0.118900,0,40.903,21.593,0.905,0.286
by_class,mixed_compact_midrise,path_loss,pred_nlos,lognormal,0.068600,0.068000,0,40.903,21.593,0.905,0.286
by_class,mixed_compact_midrise,path_loss,pred_nlos,skew_normal,0.114700,0.181900,0,40.903,21.593,0.905,0.286
by_class,mixed_compact_midrise,path_loss,pred_nlos,gaussian,0.126900,0.191500,0,40.903,21.593,0.905,0.286
by_class,mixed_compact_midrise,path_loss,pred_nlos,laplace,0.170000,0.233000,0,40.903,21.593,0.905,0.286
by_class,mixed_compact_midrise,path_loss,pred_nlos,spike_plus_exp,0.301400,0.302300,0,40.903,21.593,0.905,0.286
by_class,mixed_compact_midrise,path_loss,target_los,gmm4,0.004400,0.012100,1,97.013,5.656,0.147,0.604
by_class,mixed_compact_midrise,path_loss,target_los,gmm5,0.004400,0.013700,0,97.013,5.656,0.147,0.604
by_class,mixed_compact_midrise,path_loss,target_los,gmm3,0.004400,0.013900,0,97.013,5.656,0.147,0.604
by_class,mixed_compact_midrise,path_loss,target_los,gmm2,0.006200,0.029000,0,97.013,5.656,0.147,0.604
by_class,mixed_compact_midrise,path_loss,target_los,skew_normal,0.015200,0.067600,0,97.013,5.656,0.147,0.604
by_class,mixed_compact_midrise,path_loss,target_los,gaussian,0.015600,0.068200,0,97.013,5.656,0.147,0.604
by_class,mixed_compact_midrise,path_loss,target_los,gamma,0.025600,0.065300,0,97.013,5.656,0.147,0.604
by_class,mixed_compact_midrise,path_loss,target_los,laplace,0.031700,0.100500,0,97.013,5.656,0.147,0.604
by_class,mixed_compact_midrise,path_loss,target_los,lognormal,0.044500,0.068400,0,97.013,5.656,0.147,0.604
by_class,mixed_compact_midrise,path_loss,target_los,weibull,0.054400,0.105900,0,97.013,5.656,0.147,0.604
by_class,mixed_compact_midrise,path_loss,target_los,spike_plus_exp,1.196800,0.654500,0,97.013,5.656,0.147,0.604
by_class,mixed_compact_midrise,path_loss,target_nlos,gmm4,0.053600,0.058400,1,107.786,4.488,-0.04,1.94
by_class,mixed_compact_midrise,path_loss,target_nlos,gmm5,0.054000,0.061500,0,107.786,4.488,-0.04,1.94
by_class,mixed_compact_midrise,path_loss,target_nlos,gmm3,0.054900,0.062700,0,107.786,4.488,-0.04,1.94
by_class,mixed_compact_midrise,path_loss,target_nlos,gmm2,0.056200,0.065600,0,107.786,4.488,-0.04,1.94
by_class,mixed_compact_midrise,path_loss,target_nlos,laplace,0.071300,0.119500,0,107.786,4.488,-0.04,1.94
by_class,mixed_compact_midrise,path_loss,target_nlos,skew_normal,0.077900,0.103600,0,107.786,4.488,-0.04,1.94
by_class,mixed_compact_midrise,path_loss,target_nlos,gaussian,0.078000,0.103900,0,107.786,4.488,-0.04,1.94
by_class,mixed_compact_midrise,path_loss,target_nlos,gamma,0.099500,0.126300,0,107.786,4.488,-0.04,1.94
by_class,mixed_compact_midrise,path_loss,target_nlos,weibull,0.115200,0.098000,0,107.786,4.488,-0.04,1.94
by_class,mixed_compact_midrise,path_loss,target_nlos,lognormal,0.120500,0.140100,0,107.786,4.488,-0.04,1.94
by_class,mixed_compact_midrise,path_loss,target_nlos,spike_plus_exp,1.483000,0.726400,0,107.786,4.488,-0.04,1.94
by_class,open_sparse_lowrise,angular_spread,pred_angular_spread,gmm5,0.244700,0.280700,1,2.901,5.996,4.366,22.505
by_class,open_sparse_lowrise,angular_spread,pred_angular_spread,gmm4,0.244700,0.280700,0,2.901,5.996,4.366,22.505
by_class,open_sparse_lowrise,angular_spread,pred_angular_spread,gmm2,0.307900,0.325600,0,2.901,5.996,4.366,22.505
by_class,open_sparse_lowrise,angular_spread,pred_angular_spread,gmm3,0.307900,0.325600,0,2.901,5.996,4.366,22.505
by_class,open_sparse_lowrise,angular_spread,pred_angular_spread,lognormal,0.975800,0.564300,0,2.901,5.996,4.366,22.505
by_class,open_sparse_lowrise,angular_spread,pred_angular_spread,gamma,1.124500,0.604200,0,2.901,5.996,4.366,22.505
by_class,open_sparse_lowrise,angular_spread,pred_angular_spread,laplace,1.124700,0.589900,0,2.901,5.996,4.366,22.505
by_class,open_sparse_lowrise,angular_spread,pred_angular_spread,spike_plus_exp,1.177900,0.616200,0,2.901,5.996,4.366,22.505
by_class,open_sparse_lowrise,angular_spread,pred_angular_spread,weibull,1.209400,0.620400,0,2.901,5.996,4.366,22.505
by_class,open_sparse_lowrise,angular_spread,pred_angular_spread,skew_normal,1.390700,0.639400,0,2.901,5.996,4.366,22.505
by_class,open_sparse_lowrise,angular_spread,pred_angular_spread,gaussian,1.439200,0.643100,0,2.901,5.996,4.366,22.505
by_class,open_sparse_lowrise,angular_spread,target_angular_spread,spike_plus_exp,0.687100,0.497700,1,2.876,9.859,4.746,26.071
by_class,open_sparse_lowrise,angular_spread,target_angular_spread,lognormal,0.844300,0.573800,0,2.876,9.859,4.746,26.071
by_class,open_sparse_lowrise,angular_spread,target_angular_spread,weibull,0.949600,0.617100,0,2.876,9.859,4.746,26.071
by_class,open_sparse_lowrise,angular_spread,target_angular_spread,gamma,1.210900,0.696100,0,2.876,9.859,4.746,26.071
by_class,open_sparse_lowrise,angular_spread,target_angular_spread,laplace,2.777000,0.920900,0,2.876,9.859,4.746,26.071
by_class,open_sparse_lowrise,angular_spread,target_angular_spread,skew_normal,3.136700,0.938700,0,2.876,9.859,4.746,26.071
by_class,open_sparse_lowrise,angular_spread,target_angular_spread,gmm5,3.182200,0.940600,0,2.876,9.859,4.746,26.071
by_class,open_sparse_lowrise,angular_spread,target_angular_spread,gmm4,3.182200,0.940600,0,2.876,9.859,4.746,26.071
by_class,open_sparse_lowrise,angular_spread,target_angular_spread,gmm3,3.182200,0.940600,0,2.876,9.859,4.746,26.071
by_class,open_sparse_lowrise,angular_spread,target_angular_spread,gmm2,3.182200,0.940600,0,2.876,9.859,4.746,26.071
by_class,open_sparse_lowrise,angular_spread,target_angular_spread,gaussian,3.182200,0.940600,0,2.876,9.859,4.746,26.071
by_class,open_sparse_lowrise,delay_spread,pred_delay_spread,laplace,0.065100,0.092100,1,4.913,0.71,-1.185,7.778
by_class,open_sparse_lowrise,delay_spread,pred_delay_spread,skew_normal,0.126600,0.088200,0,4.913,0.71,-1.185,7.778
by_class,open_sparse_lowrise,delay_spread,pred_delay_spread,gaussian,0.142100,0.088600,0,4.913,0.71,-1.185,7.778
by_class,open_sparse_lowrise,delay_spread,pred_delay_spread,weibull,0.151100,0.161100,0,4.913,0.71,-1.185,7.778
by_class,open_sparse_lowrise,delay_spread,pred_delay_spread,gamma,0.225100,0.086300,0,4.913,0.71,-1.185,7.778
by_class,open_sparse_lowrise,delay_spread,pred_delay_spread,gmm5,0.236900,0.253700,0,4.913,0.71,-1.185,7.778
by_class,open_sparse_lowrise,delay_spread,pred_delay_spread,gmm4,0.236900,0.253700,0,4.913,0.71,-1.185,7.778
by_class,open_sparse_lowrise,delay_spread,pred_delay_spread,gmm3,0.236900,0.253700,0,4.913,0.71,-1.185,7.778
by_class,open_sparse_lowrise,delay_spread,pred_delay_spread,gmm2,0.236900,0.253700,0,4.913,0.71,-1.185,7.778
by_class,open_sparse_lowrise,delay_spread,pred_delay_spread,lognormal,0.274500,0.081700,0,4.913,0.71,-1.185,7.778
by_class,open_sparse_lowrise,delay_spread,pred_delay_spread,spike_plus_exp,1.197300,0.705100,0,4.913,0.71,-1.185,7.778
by_class,open_sparse_lowrise,delay_spread,target_delay_spread,gmm5,0.142800,0.196000,1,5.398,16.156,8.037,81.038
by_class,open_sparse_lowrise,delay_spread,target_delay_spread,gmm4,0.158900,0.204500,0,5.398,16.156,8.037,81.038
by_class,open_sparse_lowrise,delay_spread,target_delay_spread,gmm3,0.158900,0.204400,0,5.398,16.156,8.037,81.038
by_class,open_sparse_lowrise,delay_spread,target_delay_spread,gmm2,0.187800,0.242500,0,5.398,16.156,8.037,81.038
by_class,open_sparse_lowrise,delay_spread,target_delay_spread,lognormal,0.234800,0.249900,0,5.398,16.156,8.037,81.038
by_class,open_sparse_lowrise,delay_spread,target_delay_spread,weibull,0.339600,0.337900,0,5.398,16.156,8.037,81.038
by_class,open_sparse_lowrise,delay_spread,target_delay_spread,spike_plus_exp,0.504600,0.330300,0,5.398,16.156,8.037,81.038
by_class,open_sparse_lowrise,delay_spread,target_delay_spread,gamma,0.547500,0.474600,0,5.398,16.156,8.037,81.038
by_class,open_sparse_lowrise,delay_spread,target_delay_spread,laplace,1.798400,0.797400,0,5.398,16.156,8.037,81.038
by_class,open_sparse_lowrise,delay_spread,target_delay_spread,skew_normal,2.247200,0.845600,0,5.398,16.156,8.037,81.038
by_class,open_sparse_lowrise,delay_spread,target_delay_spread,gaussian,2.278000,0.847200,0,5.398,16.156,8.037,81.038
by_class,open_sparse_lowrise,path_loss,pred_los,gmm5,0.004800,0.024700,1,96.394,3.691,-0.905,1.033
by_class,open_sparse_lowrise,path_loss,pred_los,gmm4,0.005100,0.025200,0,96.394,3.691,-0.905,1.033
by_class,open_sparse_lowrise,path_loss,pred_los,gmm3,0.005700,0.029500,0,96.394,3.691,-0.905,1.033
by_class,open_sparse_lowrise,path_loss,pred_los,gmm2,0.008300,0.033200,0,96.394,3.691,-0.905,1.033
by_class,open_sparse_lowrise,path_loss,pred_los,weibull,0.018400,0.064000,0,96.394,3.691,-0.905,1.033
by_class,open_sparse_lowrise,path_loss,pred_los,skew_normal,0.063700,0.125000,0,96.394,3.691,-0.905,1.033
by_class,open_sparse_lowrise,path_loss,pred_los,gaussian,0.075800,0.135600,0,96.394,3.691,-0.905,1.033
by_class,open_sparse_lowrise,path_loss,pred_los,laplace,0.103200,0.182600,0,96.394,3.691,-0.905,1.033
by_class,open_sparse_lowrise,path_loss,pred_los,gamma,0.138600,0.170900,0,96.394,3.691,-0.905,1.033
by_class,open_sparse_lowrise,path_loss,pred_los,lognormal,0.183100,0.187300,0,96.394,3.691,-0.905,1.033
by_class,open_sparse_lowrise,path_loss,pred_los,spike_plus_exp,1.503600,0.726600,0,96.394,3.691,-0.905,1.033
by_class,open_sparse_lowrise,path_loss,pred_nlos,gmm5,0.013200,0.036300,1,31.882,23.03,1.166,0.817
by_class,open_sparse_lowrise,path_loss,pred_nlos,gmm4,0.015400,0.041800,0,31.882,23.03,1.166,0.817
by_class,open_sparse_lowrise,path_loss,pred_nlos,gmm3,0.022500,0.055200,0,31.882,23.03,1.166,0.817
by_class,open_sparse_lowrise,path_loss,pred_nlos,gamma,0.028600,0.065200,0,31.882,23.03,1.166,0.817
by_class,open_sparse_lowrise,path_loss,pred_nlos,weibull,0.033900,0.090800,0,31.882,23.03,1.166,0.817
by_class,open_sparse_lowrise,path_loss,pred_nlos,gmm2,0.045500,0.093300,0,31.882,23.03,1.166,0.817
by_class,open_sparse_lowrise,path_loss,pred_nlos,spike_plus_exp,0.094000,0.153100,0,31.882,23.03,1.166,0.817
by_class,open_sparse_lowrise,path_loss,pred_nlos,lognormal,0.146600,0.102600,0,31.882,23.03,1.166,0.817
by_class,open_sparse_lowrise,path_loss,pred_nlos,skew_normal,0.200300,0.234800,0,31.882,23.03,1.166,0.817
by_class,open_sparse_lowrise,path_loss,pred_nlos,gaussian,0.217400,0.245300,0,31.882,23.03,1.166,0.817
by_class,open_sparse_lowrise,path_loss,pred_nlos,laplace,0.242900,0.275100,0,31.882,23.03,1.166,0.817
by_class,open_sparse_lowrise,path_loss,target_los,gmm4,0.002200,0.012200,1,96.937,5.255,0.023,0.439
by_class,open_sparse_lowrise,path_loss,target_los,gmm5,0.002400,0.014000,0,96.937,5.255,0.023,0.439
by_class,open_sparse_lowrise,path_loss,target_los,gmm3,0.002400,0.014400,0,96.937,5.255,0.023,0.439
by_class,open_sparse_lowrise,path_loss,target_los,gmm2,0.005200,0.034000,0,96.937,5.255,0.023,0.439
by_class,open_sparse_lowrise,path_loss,target_los,skew_normal,0.009600,0.052700,0,96.937,5.255,0.023,0.439
by_class,open_sparse_lowrise,path_loss,target_los,gaussian,0.009600,0.052700,0,96.937,5.255,0.023,0.439
by_class,open_sparse_lowrise,path_loss,target_los,gamma,0.024700,0.055800,0,96.937,5.255,0.023,0.439
by_class,open_sparse_lowrise,path_loss,target_los,laplace,0.034000,0.105900,0,96.937,5.255,0.023,0.439
by_class,open_sparse_lowrise,path_loss,target_los,weibull,0.041600,0.093300,0,96.937,5.255,0.023,0.439
by_class,open_sparse_lowrise,path_loss,target_los,lognormal,0.044600,0.065700,0,96.937,5.255,0.023,0.439
by_class,open_sparse_lowrise,path_loss,target_los,spike_plus_exp,1.261500,0.674500,0,96.937,5.255,0.023,0.439
by_class,open_sparse_lowrise,path_loss,target_nlos,gmm5,0.032800,0.040300,1,107.541,3.821,0.083,4.226
by_class,open_sparse_lowrise,path_loss,target_nlos,gmm4,0.033500,0.041200,0,107.541,3.821,0.083,4.226
by_class,open_sparse_lowrise,path_loss,target_nlos,gmm3,0.034600,0.045000,0,107.541,3.821,0.083,4.226
by_class,open_sparse_lowrise,path_loss,target_nlos,gmm2,0.040200,0.064900,0,107.541,3.821,0.083,4.226
by_class,open_sparse_lowrise,path_loss,target_nlos,laplace,0.050100,0.103100,0,107.541,3.821,0.083,4.226
by_class,open_sparse_lowrise,path_loss,target_nlos,skew_normal,0.092000,0.129300,0,107.541,3.821,0.083,4.226
by_class,open_sparse_lowrise,path_loss,target_nlos,gaussian,0.092000,0.129200,0,107.541,3.821,0.083,4.226
by_class,open_sparse_lowrise,path_loss,target_nlos,gamma,0.113400,0.143300,0,107.541,3.821,0.083,4.226
by_class,open_sparse_lowrise,path_loss,target_nlos,lognormal,0.131800,0.151200,0,107.541,3.821,0.083,4.226
by_class,open_sparse_lowrise,path_loss,target_nlos,weibull,0.144800,0.122500,0,107.541,3.821,0.083,4.226
by_class,open_sparse_lowrise,path_loss,target_nlos,spike_plus_exp,1.614300,0.743300,0,107.541,3.821,0.083,4.226
by_class,open_sparse_vertical,angular_spread,pred_angular_spread,gmm4,0.026300,0.097100,1,6.399,6.235,2.221,5.971
by_class,open_sparse_vertical,angular_spread,pred_angular_spread,gmm5,0.026800,0.096400,0,6.399,6.235,2.221,5.971
by_class,open_sparse_vertical,angular_spread,pred_angular_spread,gmm3,0.062400,0.129800,0,6.399,6.235,2.221,5.971
by_class,open_sparse_vertical,angular_spread,pred_angular_spread,gmm2,0.117600,0.176400,0,6.399,6.235,2.221,5.971
by_class,open_sparse_vertical,angular_spread,pred_angular_spread,lognormal,0.164200,0.219600,0,6.399,6.235,2.221,5.971
by_class,open_sparse_vertical,angular_spread,pred_angular_spread,gamma,0.257800,0.286700,0,6.399,6.235,2.221,5.971
by_class,open_sparse_vertical,angular_spread,pred_angular_spread,weibull,0.333400,0.328600,0,6.399,6.235,2.221,5.971
by_class,open_sparse_vertical,angular_spread,pred_angular_spread,spike_plus_exp,0.370900,0.331600,0,6.399,6.235,2.221,5.971
by_class,open_sparse_vertical,angular_spread,pred_angular_spread,laplace,0.412900,0.359800,0,6.399,6.235,2.221,5.971
by_class,open_sparse_vertical,angular_spread,pred_angular_spread,skew_normal,0.458600,0.376700,0,6.399,6.235,2.221,5.971
by_class,open_sparse_vertical,angular_spread,pred_angular_spread,gaussian,0.490500,0.384400,0,6.399,6.235,2.221,5.971
by_class,open_sparse_vertical,angular_spread,target_angular_spread,spike_plus_exp,0.629400,0.475400,1,5.467,13.058,3.16,13.08
by_class,open_sparse_vertical,angular_spread,target_angular_spread,gmm5,0.783300,0.530000,0,5.467,13.058,3.16,13.08
by_class,open_sparse_vertical,angular_spread,target_angular_spread,gmm4,0.783300,0.530000,0,5.467,13.058,3.16,13.08
by_class,open_sparse_vertical,angular_spread,target_angular_spread,gmm3,0.783300,0.530000,0,5.467,13.058,3.16,13.08
by_class,open_sparse_vertical,angular_spread,target_angular_spread,gmm2,0.783300,0.530000,0,5.467,13.058,3.16,13.08
by_class,open_sparse_vertical,angular_spread,target_angular_spread,weibull,0.919200,0.613400,0,5.467,13.058,3.16,13.08
by_class,open_sparse_vertical,angular_spread,target_angular_spread,lognormal,0.987000,0.635400,0,5.467,13.058,3.16,13.08
by_class,open_sparse_vertical,angular_spread,target_angular_spread,gamma,1.060400,0.647900,0,5.467,13.058,3.16,13.08
by_class,open_sparse_vertical,angular_spread,target_angular_spread,laplace,2.716800,0.859600,0,5.467,13.058,3.16,13.08
by_class,open_sparse_vertical,angular_spread,target_angular_spread,skew_normal,2.834000,0.862900,0,5.467,13.058,3.16,13.08
by_class,open_sparse_vertical,angular_spread,target_angular_spread,gaussian,2.872700,0.866000,0,5.467,13.058,3.16,13.08
by_class,open_sparse_vertical,delay_spread,pred_delay_spread,gmm5,0.067400,0.123300,1,19.008,13.41,1.779,2.075
by_class,open_sparse_vertical,delay_spread,pred_delay_spread,gmm4,0.067400,0.123300,0,19.008,13.41,1.779,2.075
by_class,open_sparse_vertical,delay_spread,pred_delay_spread,gmm3,0.127600,0.152200,0,19.008,13.41,1.779,2.075
by_class,open_sparse_vertical,delay_spread,pred_delay_spread,gmm2,0.227200,0.247800,0,19.008,13.41,1.779,2.075
by_class,open_sparse_vertical,delay_spread,pred_delay_spread,lognormal,0.569800,0.420100,0,19.008,13.41,1.779,2.075
by_class,open_sparse_vertical,delay_spread,pred_delay_spread,gamma,0.688500,0.462300,0,19.008,13.41,1.779,2.075
by_class,open_sparse_vertical,delay_spread,pred_delay_spread,weibull,0.738300,0.475700,0,19.008,13.41,1.779,2.075
by_class,open_sparse_vertical,delay_spread,pred_delay_spread,spike_plus_exp,0.785500,0.490400,0,19.008,13.41,1.779,2.075
by_class,open_sparse_vertical,delay_spread,pred_delay_spread,skew_normal,0.935200,0.521500,0,19.008,13.41,1.779,2.075
by_class,open_sparse_vertical,delay_spread,pred_delay_spread,laplace,0.943900,0.523400,0,19.008,13.41,1.779,2.075
by_class,open_sparse_vertical,delay_spread,pred_delay_spread,gaussian,0.962100,0.526800,0,19.008,13.41,1.779,2.075
by_class,open_sparse_vertical,delay_spread,target_delay_spread,gmm5,0.134900,0.179900,1,15.454,36.563,3.503,14.389
by_class,open_sparse_vertical,delay_spread,target_delay_spread,gmm3,0.134900,0.179900,0,15.454,36.563,3.503,14.389
by_class,open_sparse_vertical,delay_spread,target_delay_spread,gmm4,0.136600,0.182400,0,15.454,36.563,3.503,14.389
by_class,open_sparse_vertical,delay_spread,target_delay_spread,gmm2,0.161500,0.211600,0,15.454,36.563,3.503,14.389
by_class,open_sparse_vertical,delay_spread,target_delay_spread,weibull,0.422000,0.396400,0,15.454,36.563,3.503,14.389
by_class,open_sparse_vertical,delay_spread,target_delay_spread,lognormal,0.525600,0.459700,0,15.454,36.563,3.503,14.389
by_class,open_sparse_vertical,delay_spread,target_delay_spread,gamma,0.556100,0.469700,0,15.454,36.563,3.503,14.389
by_class,open_sparse_vertical,delay_spread,target_delay_spread,spike_plus_exp,0.680000,0.374600,0,15.454,36.563,3.503,14.389
by_class,open_sparse_vertical,delay_spread,target_delay_spread,laplace,2.298300,0.817300,0,15.454,36.563,3.503,14.389
by_class,open_sparse_vertical,delay_spread,target_delay_spread,skew_normal,2.483800,0.830800,0,15.454,36.563,3.503,14.389
by_class,open_sparse_vertical,delay_spread,target_delay_spread,gaussian,2.526000,0.834000,0,15.454,36.563,3.503,14.389
by_class,open_sparse_vertical,path_loss,pred_los,gmm5,0.001600,0.015000,1,96.094,3.614,-0.934,0.956
by_class,open_sparse_vertical,path_loss,pred_los,gmm4,0.001600,0.015300,0,96.094,3.614,-0.934,0.956
by_class,open_sparse_vertical,path_loss,pred_los,gmm3,0.002100,0.018700,0,96.094,3.614,-0.934,0.956
by_class,open_sparse_vertical,path_loss,pred_los,gmm2,0.005600,0.029300,0,96.094,3.614,-0.934,0.956
by_class,open_sparse_vertical,path_loss,pred_los,weibull,0.027100,0.086000,0,96.094,3.614,-0.934,0.956
by_class,open_sparse_vertical,path_loss,pred_los,skew_normal,0.071100,0.141000,0,96.094,3.614,-0.934,0.956
by_class,open_sparse_vertical,path_loss,pred_los,gaussian,0.083900,0.151500,0,96.094,3.614,-0.934,0.956
by_class,open_sparse_vertical,path_loss,pred_los,laplace,0.112400,0.197100,0,96.094,3.614,-0.934,0.956
by_class,open_sparse_vertical,path_loss,pred_los,gamma,0.159400,0.189800,0,96.094,3.614,-0.934,0.956
by_class,open_sparse_vertical,path_loss,pred_los,lognormal,0.214600,0.207500,0,96.094,3.614,-0.934,0.956
by_class,open_sparse_vertical,path_loss,pred_los,spike_plus_exp,1.381000,0.694600,0,96.094,3.614,-0.934,0.956
by_class,open_sparse_vertical,path_loss,pred_nlos,gmm5,0.005600,0.026300,1,40.536,23.348,0.879,0.131
by_class,open_sparse_vertical,path_loss,pred_nlos,gmm4,0.006700,0.027200,0,40.536,23.348,0.879,0.131
by_class,open_sparse_vertical,path_loss,pred_nlos,gmm3,0.011900,0.047200,0,40.536,23.348,0.879,0.131
by_class,open_sparse_vertical,path_loss,pred_nlos,gmm2,0.021300,0.058700,0,40.536,23.348,0.879,0.131
by_class,open_sparse_vertical,path_loss,pred_nlos,gamma,0.030400,0.067900,0,40.536,23.348,0.879,0.131
by_class,open_sparse_vertical,path_loss,pred_nlos,weibull,0.040500,0.105000,0,40.536,23.348,0.879,0.131
by_class,open_sparse_vertical,path_loss,pred_nlos,lognormal,0.099700,0.094400,0,40.536,23.348,0.879,0.131
by_class,open_sparse_vertical,path_loss,pred_nlos,skew_normal,0.126600,0.192900,0,40.536,23.348,0.879,0.131
by_class,open_sparse_vertical,path_loss,pred_nlos,gaussian,0.138100,0.202600,0,40.536,23.348,0.879,0.131
by_class,open_sparse_vertical,path_loss,pred_nlos,laplace,0.188700,0.247700,0,40.536,23.348,0.879,0.131
by_class,open_sparse_vertical,path_loss,pred_nlos,spike_plus_exp,0.228700,0.258500,0,40.536,23.348,0.879,0.131
by_class,open_sparse_vertical,path_loss,target_los,gmm5,0.002000,0.010100,1,96.641,5.426,0.102,0.371
by_class,open_sparse_vertical,path_loss,target_los,gmm4,0.002200,0.010700,0,96.641,5.426,0.102,0.371
by_class,open_sparse_vertical,path_loss,target_los,gmm3,0.002500,0.015000,0,96.641,5.426,0.102,0.371
by_class,open_sparse_vertical,path_loss,target_los,gmm2,0.007200,0.042800,0,96.641,5.426,0.102,0.371
by_class,open_sparse_vertical,path_loss,target_los,skew_normal,0.012100,0.064100,0,96.641,5.426,0.102,0.371
by_class,open_sparse_vertical,path_loss,target_los,gaussian,0.012300,0.064500,0,96.641,5.426,0.102,0.371
by_class,open_sparse_vertical,path_loss,target_los,gamma,0.026500,0.064400,0,96.641,5.426,0.102,0.371
by_class,open_sparse_vertical,path_loss,target_los,laplace,0.037300,0.111800,0,96.641,5.426,0.102,0.371
by_class,open_sparse_vertical,path_loss,target_los,weibull,0.039300,0.100000,0,96.641,5.426,0.102,0.371
by_class,open_sparse_vertical,path_loss,target_los,lognormal,0.050000,0.073000,0,96.641,5.426,0.102,0.371
by_class,open_sparse_vertical,path_loss,target_los,spike_plus_exp,1.106800,0.632700,0,96.641,5.426,0.102,0.371
by_class,open_sparse_vertical,path_loss,target_nlos,gmm5,0.079600,0.087100,1,108.641,4.349,0.251,2.021
by_class,open_sparse_vertical,path_loss,target_nlos,gmm4,0.082700,0.088800,0,108.641,4.349,0.251,2.021
by_class,open_sparse_vertical,path_loss,target_nlos,gmm3,0.083000,0.096500,0,108.641,4.349,0.251,2.021
by_class,open_sparse_vertical,path_loss,target_nlos,gmm2,0.083500,0.095900,0,108.641,4.349,0.251,2.021
by_class,open_sparse_vertical,path_loss,target_nlos,laplace,0.088400,0.110000,0,108.641,4.349,0.251,2.021
by_class,open_sparse_vertical,path_loss,target_nlos,skew_normal,0.109900,0.147400,0,108.641,4.349,0.251,2.021
by_class,open_sparse_vertical,path_loss,target_nlos,gaussian,0.110900,0.147500,0,108.641,4.349,0.251,2.021
by_class,open_sparse_vertical,path_loss,target_nlos,gamma,0.116100,0.155400,0,108.641,4.349,0.251,2.021
by_class,open_sparse_vertical,path_loss,target_nlos,lognormal,0.127700,0.160800,0,108.641,4.349,0.251,2.021
by_class,open_sparse_vertical,path_loss,target_nlos,weibull,0.176100,0.161700,0,108.641,4.349,0.251,2.021
by_class,open_sparse_vertical,path_loss,target_nlos,spike_plus_exp,1.505500,0.722700,0,108.641,4.349,0.251,2.021
